{"name":"c16b1855-ed4a-444b-af7e-583cbb99213a","id":"/providers/Microsoft.Flow/flows/c16b1855-ed4a-444b-af7e-583cbb99213a","type":"Microsoft.Flow/flows","properties":{"apiId":"/providers/Microsoft.PowerApps/apis/shared_logicflows","displayName":"Procesado de datos","definition":{"metadata":{"workflowEntityId":null,"processAdvisorMetadata":null,"flowChargedByPaygo":null,"flowclientsuspensionreason":"None","flowclientsuspensiontime":null,"flowclientsuspensionreasondetails":null,"creator":{"id":"6f2f9a66-673f-4897-be19-7e592dd745f5","type":"User","tenantId":"1910c163-64ae-4fa0-bcd2-0c18b73d2fba"},"provisioningMethod":"FromDefinition","failureAlertSubscription":true,"clientLastModifiedTime":"2024-11-22T15:37:28.1178543Z","connectionKeySavedTimeKey":"2024-11-22T15:37:28.1178543Z"},"$schema":"https://schema.management.azure.com/providers/Microsoft.Logic/schemas/2016-06-01/workflowdefinition.json#","contentVersion":"1.0.0.0","parameters":{"$authentication":{"defaultValue":{},"type":"SecureObject"},"$connections":{"defaultValue":{},"type":"Object"}},"triggers":{"When_a_new_response_is_submitted":{"splitOn":"@triggerOutputs()?['body/value']","metadata":{"operationMetadataId":"28bb1c6f-ee6a-4ffd-b7b4-ecb032a836b6"},"type":"OpenApiConnectionWebhook","inputs":{"parameters":{"form_id":"Y8EQGa5koE-80gwYtz0vuhmTdyhAp25CulC_HYb0Ms5UNUI5UUlQTzVDNU1OMEFORUpHUUE2OUZMNyQlQCN0PWcu"},"host":{"apiId":"/providers/Microsoft.PowerApps/apis/shared_microsoftforms","connectionName":"shared_microsoftforms-1","operationId":"CreateFormWebhook"},"authentication":"@parameters('$authentication')"}}},"actions":{"Get_response_details":{"runAfter":{},"metadata":{"operationMetadataId":"3d725af9-1483-4997-92fd-78d4863e3f0a"},"type":"OpenApiConnection","inputs":{"parameters":{"form_id":"Y8EQGa5koE-80gwYtz0vuhmTdyhAp25CulC_HYb0Ms5UNUI5UUlQTzVDNU1OMEFORUpHUUE2OUZMNyQlQCN0PWcu","response_id":"@triggerOutputs()?['body/resourceData/responseId']"},"host":{"apiId":"/providers/Microsoft.PowerApps/apis/shared_microsoftforms","connectionName":"shared_microsoftforms-1","operationId":"GetFormResponseById"},"authentication":"@parameters('$authentication')"}},"Existencia_Diagnostico_Del_Contexto":{"runAfter":{"Compose_11":["Succeeded"]},"metadata":{"operationMetadataId":"f21d4347-5818-4e51-9011-5714a346c261"},"type":"InitializeVariable","inputs":{"variables":[{"name":"Existencia_Diagnostico_Del_Contexto","type":"integer","value":"@if(\r\n   equals(body('Get_response_details')?['r1c759511e0194b5ea06c39f0104d7b23'], 'No se cuenta con un diagnóstico actualizado de problemas/oportunidades'),\r\n   0,\r\n   if(\r\n      equals(body('Get_response_details')?['r1c759511e0194b5ea06c39f0104d7b23'], 'Se cuenta con un diagnóstico territorial de otro nivel, ej PIT o EEA'),\r\n      1,\r\n      if(\r\n         equals(body('Get_response_details')?['r1c759511e0194b5ea06c39f0104d7b23'], 'Se cuenta con un documento sólo identificando los problemas y oportunidades, sin mayor desarrollo'),\r\n         2,\r\n         3\r\n      )\r\n   )\r\n)\r\n"}]}},"Identificación_De_Actores_Territoriales_Principales":{"runAfter":{"Existencia_Diagnostico_Del_Contexto_Puntaje_En_Coma":["Succeeded"]},"metadata":{"operationMetadataId":"8dfd9ab1-f8e7-4460-b093-0979cf5310c0"},"type":"InitializeVariable","inputs":{"variables":[{"name":"Identificación_De_Actores_Territoriales_Principales","type":"integer","value":"@if(\r\n   equals(body('Get_response_details')?['rbc593640ec7b4332a07ee95dc2271a5a'], 'No se cuenta con un documento donde se identifiquen actores relevantes.'),\r\n   0,\r\n   if(\r\n      equals(body('Get_response_details')?['rbc593640ec7b4332a07ee95dc2271a5a'], 'Se identifican los actores clave en borradores o documentos preliminares.'),\r\n      1,\r\n      if(\r\n         equals(body('Get_response_details')?['rbc593640ec7b4332a07ee95dc2271a5a'], 'Se elaboró un documento en el que se identifican los actores clave involucrados en los problemas y oportunidades, sin mayor desarrollo.'),\r\n         2,\r\n         3\r\n      )\r\n   )\r\n)\r\n"}]}},"Calidad_Del_Proceso_De_Diagnostico":{"runAfter":{"Identificación_De_Actores_Territoriales_Principales_En_Comas":["Succeeded"]},"metadata":{"operationMetadataId":"4f962e93-a47a-42cb-bc66-1293785a829e"},"type":"InitializeVariable","inputs":{"variables":[{"name":"Calidad_Del_Proceso_De_Diagnostico","type":"float","value":"@if(\r\n   equals(body('Get_response_details')?['r6d7196dcd05943a28849b9174474db6c'], 'No existieron instancias de diagnóstico participativas por fuera del equipo de la AER.'),\r\n   0,\r\n   if(\r\n      equals(body('Get_response_details')?['r6d7196dcd05943a28849b9174474db6c'], 'Se toman problemas y oportunidades identificados por los principales actores territoriales. Se comparte con la EEA'),\r\n      1,\r\n      if(\r\n         equals(body('Get_response_details')?['r6d7196dcd05943a28849b9174474db6c'], 'El diagnóstico se realizó con talleres internos con áreas de investigación, planificación y con aval de la EEA.'),\r\n         2,\r\n         3\r\n      )\r\n   )\r\n)"}]}},"Planificacion_Estrategica":{"runAfter":{"Calidad_Del_Proceso_De_Diagnostico_En_Comas":["Succeeded"]},"metadata":{"operationMetadataId":"42ce11b1-a7f4-494c-bb10-23f35a65661f"},"type":"InitializeVariable","inputs":{"variables":[{"name":"Planificacion_Estrategica","type":"integer","value":"@if(\r\n   equals(body('Get_response_details')?['r6fece330939c46e7a2ff9eff7e03b2e0'],'No se cuenta con ninguna planificación estratégica en la AER.'),\r\n   0,\r\n   if(\r\n      equals(body('Get_response_details')?['r6fece330939c46e7a2ff9eff7e03b2e0'],'Se consideran los objetivos estratégicos del plan de Centro.'),\r\n      1,\r\n      if(\r\n         equals(body('Get_response_details')?['r6fece330939c46e7a2ff9eff7e03b2e0'],'Se dispone de una propuesta o marco estratégico en general de la EEA y que sirve de guía a la AER.'),\r\n         2,\r\n         3\r\n      )\r\n   )\r\n)\r\n"}]}},"Plan_Operativo_Anual_De_La_AER":{"runAfter":{"Planificación_Estratégica_En_Comas":["Succeeded"]},"metadata":{"operationMetadataId":"fb651d53-8c7a-4c9f-8899-db419dfd7b82"},"type":"InitializeVariable","inputs":{"variables":[{"name":"Plan_Operativo_Anual_De_La_AER","type":"integer","value":"@if(\r\n   equals(body('Get_response_details')?['r177db08634c243a0a07c0290df526810'], 'No se cuenta con ninguna forma de planificación operativa de las actividades de la AER.'),\r\n   0,\r\n   if(\r\n      equals(body('Get_response_details')?['r177db08634c243a0a07c0290df526810'], 'No hay un documento pero los integrantes de la AER tienen claridad sobre las acciones operativas anuales.'),\r\n      1,\r\n      if(\r\n         equals(body('Get_response_details')?['r177db08634c243a0a07c0290df526810'], 'Se dispone de un planificación anual interna de la AER que guía las actividades.'),\r\n         2,\r\n         3\r\n      )\r\n   )\r\n)\r\n"}]}},"Capacidades_Del_Equipo_Tecnico_De_La_AER":{"runAfter":{"Plan_Operativo_Anual_De_la_AER_En_Comas":["Succeeded"]},"metadata":{"operationMetadataId":"3e6df8aa-021b-4f62-b52c-331dd8f7f57f"},"type":"InitializeVariable","inputs":{"variables":[{"name":"Capacidades_Del_Equipo_Tecnico_De_La_AER","type":"integer","value":"@if(\r\n   equals(body('Get_response_details')?['r1f34e51d8089430693cc982d3a0664c5'], 'El equipo no cuenta con capacidades para atender las principales demandas del territorio.'),\r\n   0,\r\n   if(\r\n      equals(body('Get_response_details')?['r1f34e51d8089430693cc982d3a0664c5'], 'El equipo cuenta con capacidades para atender solamente algunas de las principales demandas del territorio.'),\r\n      1,\r\n      if(\r\n         equals(body('Get_response_details')?['r1f34e51d8089430693cc982d3a0664c5'], 'El equipo cuenta con capacidades para atender las principales demandas del territorio, con algunas limitaciones.'),\r\n         2,\r\n         3\r\n      )\r\n   )\r\n)\r\n"}]}},"Espacio_Fisico":{"runAfter":{"Capacidades_Del_Equipo_Tecnico_De_La_AER_En_Comas":["Succeeded"]},"metadata":{"operationMetadataId":"c5682f7a-8484-4974-82b7-e7fa2b8b289d"},"type":"InitializeVariable","inputs":{"variables":[{"name":"Espacio_Fisico","type":"integer","value":"@if(\r\n   equals(trim(outputs('Compose_8')),'El espacio físico no reúne las condiciones para el  trabajo.'),\r\n   0,\r\n   if(\r\n      equals(trim(body('Get_response_details')?['rceb90ef2bf2444b2820aeb56e548da4e']),'El espacio físico es  adecuado, pero con ciertas deficiencias para llevar a cabo las actividades del equipo de trabajo'),\r\n      1,\r\n      if(\r\n         equals(trim(body('Get_response_details')?['rceb90ef2bf2444b2820aeb56e548da4e']),'El espacio físico es  adecuado y acorde a la necesidades del trabajo.'),\r\n         2,\r\n         3\r\n      )\r\n   )\r\n)"}]}},"Vehiculos":{"runAfter":{"Espacio_Fisico_En_Comas":["Succeeded"]},"metadata":{"operationMetadataId":"0c57ea08-73be-4a9d-b018-6fca1b05d50f"},"type":"InitializeVariable","inputs":{"variables":[{"name":"Vehiculos","type":"integer","value":"@if(\r\n   equals(body('Get_response_details')?['r3f777aa0815b4a37a077f60b43fdcccd'], 'La AER no cuenta con los vehículos necesarios.'),\r\n   0,\r\n   if(\r\n      equals(body('Get_response_details')?['r3f777aa0815b4a37a077f60b43fdcccd'], 'La AER cuenta con los vehículos necesarios pero en mal estado.'),\r\n      1,\r\n      if(\r\n         equals(body('Get_response_details')?['r3f777aa0815b4a37a077f60b43fdcccd'], 'La AER cuenta con los vehículos necesarios y en buen estado.'),\r\n         2,\r\n         3\r\n      )\r\n   )\r\n)\r\n"}]}},"Equipamiento":{"runAfter":{"Vehiculos_En_Comas":["Succeeded"]},"metadata":{"operationMetadataId":"a855ad95-30ce-476f-a869-3695e928f1a9"},"type":"InitializeVariable","inputs":{"variables":[{"name":"Equipamiento","type":"integer","value":"@if(\r\n   equals(body('Get_response_details')?['rde5d8f1e2a37440682651dafb73b4b31'], 'La AER no cuenta con el equipamiento necesario.'),\r\n   0,\r\n   if(\r\n      equals(body('Get_response_details')?['rde5d8f1e2a37440682651dafb73b4b31'], 'La AER cuenta con el equipamiento necesario pero en mal estado.'),\r\n      1,\r\n      if(\r\n         equals(body('Get_response_details')?['rde5d8f1e2a37440682651dafb73b4b31'], 'La AER cuenta con el equipamiento necesario y en estado aceptable.'),\r\n         2,\r\n         3\r\n      )\r\n   )\r\n)\r\n"}]}},"Presupuesto":{"runAfter":{"Equipamiento_En_Comas":["Succeeded"]},"metadata":{"operationMetadataId":"d9f93960-6831-4615-b17e-7005816f9a39"},"type":"InitializeVariable","inputs":{"variables":[{"name":"Presupuesto","type":"integer","value":"@if(\r\n   equals(body('Get_response_details')?['rd644f9cdb25c409e8cc1e0c9fc35fce3'], 'El presupuesto resulta insuficiente para desarrollar las actividades priorizadas.'),\r\n   0,\r\n   if(\r\n      equals(body('Get_response_details')?['rd644f9cdb25c409e8cc1e0c9fc35fce3'], 'El presupuesto alcanza para desarrollar solamente algunas de las actividades priorizadas.'),\r\n      1,\r\n      if(\r\n         equals(body('Get_response_details')?['rd644f9cdb25c409e8cc1e0c9fc35fce3'], 'El presupuesto alcanza para desarrollar la totalidad de las actividades planificadas.'),\r\n         2,\r\n         3\r\n      )\r\n   )\r\n)"}]}},"Integración_Extensión_Investigación":{"runAfter":{"Presupuesto_En_Comas":["Succeeded"]},"metadata":{"operationMetadataId":"091e9822-78b1-4092-95fc-270f44da30db"},"type":"InitializeVariable","inputs":{"variables":[{"name":"Integración_Extensión_Investigación","type":"integer","value":"@if(\r\n   equals(body('Get_response_details')?['r8563894786314480ac8cec1230af4c76'], 'No se realizan actividades conjuntas con el Área de Investigación.'),\r\n   0,\r\n   if(\r\n      equals(body('Get_response_details')?['r8563894786314480ac8cec1230af4c76'], 'Eventualmente se realizan actividades con integrantes de equipos de Investigación (de la propia EEA u otros).'),\r\n      1,\r\n      if(\r\n         equals(body('Get_response_details')?['r8563894786314480ac8cec1230af4c76'], 'Se obtuvieron productos / resultados como acción conjunta puntual entre Investigación y Extensión.'),\r\n         2,\r\n         3\r\n      )\r\n   )\r\n)\r\n"}]}},"Vinculacion_Con_Otras_Instituciones":{"runAfter":{"Comunicación_En_Comas":["Succeeded"]},"metadata":{"operationMetadataId":"ca58acbd-c2f1-46b0-872a-3d72ab5a7791"},"type":"InitializeVariable","inputs":{"variables":[{"name":"Vinculacion_Con_Otras_Instituciones","type":"integer","value":"@if(\r\n   equals(body('Get_response_details')?['rf00c8ad7b45246399bb0ba402e75afd6'],'No se  realizan actividades conjuntas ni se comparten recursos con otras instituciones.'),\r\n   0,\r\n   if(\r\n      equals(body('Get_response_details')?['rf00c8ad7b45246399bb0ba402e75afd6'],'Se realizan actividades conjuntas con otras instituciones en forma esporádica sin compartir recursos.'),\r\n      1,\r\n      if(\r\n         equals(body('Get_response_details')?['rf00c8ad7b45246399bb0ba402e75afd6'],'Se comparten recursos (oficina, vehículo, otros) para actividades conjuntas con otras instituciones.'),\r\n         2,\r\n         3\r\n      )\r\n   )\r\n)\r\n"}]}},"Presencia_Institucional_En_Espacios_Multiactorales_Territoriales":{"runAfter":{"Vinculacion_Con_Otras_Instituciones_En_Comas":["Succeeded"]},"metadata":{"operationMetadataId":"c2d65765-0917-41c2-b188-d95282db3bfd"},"type":"InitializeVariable","inputs":{"variables":[{"name":"Presencia_Institucional_En_Espacios_Multiactorales_Territoriales","type":"integer","value":"@if(\r\n   equals(body('Get_response_details')?['re67e6dd304f747279963e2deed9545c1'], 'La AER no tiene participación en espacios multiactorales del territorio.'),\r\n   0,\r\n   if(\r\n      equals(body('Get_response_details')?['re67e6dd304f747279963e2deed9545c1'], 'La AER participa esporádicamente en los espacios a los que es convocada.'),\r\n      1,\r\n      if(\r\n         equals(body('Get_response_details')?['re67e6dd304f747279963e2deed9545c1'], 'La AER participa en forma sostenida en los espacios donde es convocada.'),\r\n         2,\r\n         3\r\n      )\r\n   )\r\n)"}]}},"Financiamiento_Con_Fondos_Fuente_12_Ejecutados_Desde_La_AER":{"runAfter":{"Presencia_Institucional_En_Espacios_Multiactorales_Territoriales_En_Comas":["Succeeded"]},"metadata":{"operationMetadataId":"9629d73d-4ce6-45bf-8797-2f392408512e"},"type":"InitializeVariable","inputs":{"variables":[{"name":"Financiamiento_Con_Fondos_Fuente_12_Ejecutados_Desde_La_AER","type":"integer","value":"@if(\r\n   equals(body('Get_response_details')?['r22d99b36afa246c48f0249e2e83e39c8'], 'No se cuenta con fondos propios ni de proyectos ni de funcionamiento de la AER.'),\r\n   0,\r\n   if(\r\n      equals(body('Get_response_details')?['r22d99b36afa246c48f0249e2e83e39c8'], 'Menos de un 50% de las actividades provienen de fondos de proyectos de la Cartera Programática.'),\r\n      1,\r\n      if(\r\n         equals(body('Get_response_details')?['r22d99b36afa246c48f0249e2e83e39c8'], 'Las actividades realizadas fueron al menos en un 50% financiadas por la Cartera Programática y menos de un 50% con los asignados para el funcionamiento de la AER.'),\r\n         2,\r\n         3\r\n      )\r\n   )\r\n)\r\n"}]}},"Recursos_Extrapresupuestarios_Y_Cofinanciaciones":{"runAfter":{"Financiamiento_Con_Fondos_Fuente_12_Ejecutados_Desde_La_AER_En_Comas":["Succeeded"]},"metadata":{"operationMetadataId":"18ba0175-65f1-483a-9ffc-b86ed8eb8264"},"type":"InitializeVariable","inputs":{"variables":[{"name":"Recursos_Extrapresupuestarios_Y_Cofinanciaciones","type":"integer","value":"@if(\r\n   equals(body('Get_response_details')?['rf3eab8e134bd4923b52f9253894153ec'], 'No se realizan actividades con recursos extrapresupuestarios.'),\r\n   0,\r\n   if(\r\n      equals(body('Get_response_details')?['rf3eab8e134bd4923b52f9253894153ec'], 'Sólo algunas actividades se realizan con recursos extrapresupuestarios.'),\r\n      1,\r\n      if(\r\n         equals(body('Get_response_details')?['rf3eab8e134bd4923b52f9253894153ec'], 'Menos del 50% de las actividades se realizan con financiamiento extrapresupuestario o cofinanciadores.'),\r\n         2,\r\n         3\r\n      )\r\n   )\r\n)\r\n"}]}},"Proyecos_Aprobados_Y_En_Ejecucion":{"runAfter":{"Recursos_Extrapresupuestarios_Y_Cofinanciaciones_En_Coma":["Succeeded"]},"metadata":{"operationMetadataId":"282475ee-8a5a-4198-aef8-7654800fe710"},"type":"InitializeVariable","inputs":{"variables":[{"name":"Proyecos_Aprobados_Y_En_Ejecucion","type":"integer","value":"@if(\r\n   equals(trim(replace(body('Get_response_details')?['r7ad3243f4e284721ad4d6797af6dd6c7'], '\\u00A0', '')),'En los últimos 12 meses no se presentó ningún proyecto para acceder a financiamiento'),\r\n   0,\r\n   if(\r\n      equals(trim(replace(body('Get_response_details')?['r7ad3243f4e284721ad4d6797af6dd6c7'], '\\u00A0', '')),'En los últimos 12 meses se presentó al menos un proyecto pero este NO accedió a financiamiento'),\r\n      1,\r\n      if(\r\n         equals(trim(replace(body('Get_response_details')?['r7ad3243f4e284721ad4d6797af6dd6c7'], '\\u00A0', '')),'En los últimos 12 meses se presentó al menos un proyecto que accedió a financiamiento'),\r\n         2,\r\n         3\r\n      )\r\n   )\r\n)\r\n"}]}},"Total_Dimension_Contextualizacion":{"runAfter":{"Proyecos_Aprobados_Y_En_Ejecucion_En_Coma":["Succeeded"]},"metadata":{"operationMetadataId":"07e93e2c-33ce-47f0-884d-ef2884423545"},"type":"InitializeVariable","inputs":{"variables":[{"name":"Total_Dimension_Contextualizacion","type":"float","value":"@add(add(variables('Existencia_Diagnostico_Del_Contexto_Puntaje_En_Comas'),variables('Identificación_De_Actores_Territoriales_Principales En Comas')), variables('Calidad Del Proceso De Diagnostico En Comas'))"}]}},"Total_Planificacion":{"runAfter":{"Total_Dimension_Contextualizacion":["Succeeded"]},"metadata":{"operationMetadataId":"67e56e19-9b08-428d-a746-291c36d8b4b7"},"type":"InitializeVariable","inputs":{"variables":[{"name":"Total_Planificacion","type":"float","value":"@add(variables('Planificación Estratégica En Comas'),variables('Plan Operativo Anual De la AER En Comas'))"}]}},"Total_Dimension_Recursos_Propios":{"runAfter":{"Total_Planificacion":["Succeeded"]},"metadata":{"operationMetadataId":"fb6cf037-8882-40d7-a965-481a4853ee5c"},"type":"InitializeVariable","inputs":{"variables":[{"name":"Total_Dimension_Recursos_Propios","type":"float","value":"@add(add(add(add(variables('Capacidades Del Equipo Tecnico De La AER En Comas'), variables('Espacio_Fisico En Comas')), variables('Vehiculos En Comas')), variables('Equipamiento En Comas')), variables('Presupuesto En Comas'))"}]}},"Total_Dimension_Integracion_Y_Articulacion":{"runAfter":{"Total_Dimension_Recursos_Propios":["Succeeded"]},"metadata":{"operationMetadataId":"c82fd9d7-5e24-4d61-ad88-df8f4998e82b"},"type":"InitializeVariable","inputs":{"variables":[{"name":"Total_Dimension_Integracion_Y_Articulacion","type":"float","value":"@add(add(add(add(variables('Integración Extensión Investigación En Comas'), variables('Optimizacion_De_Capacidades_Institucionales En Comas')), variables('Vinculacion_Con_Otras_Instituciones En Comas')), variables('Presencia_Institucional_En_Espacios_Multiactorales_Territoriales En Comas')), variables('Comunicación En Comas'))"}]}},"Total_Dimension_De_Capacidad_De_Gestion":{"runAfter":{"Total_Dimension_Integracion_Y_Articulacion":["Succeeded"]},"metadata":{"operationMetadataId":"8ae0160b-0b7b-42dd-9492-e0289d70748c"},"type":"InitializeVariable","inputs":{"variables":[{"name":"Total_Dimension_De_Capacidad_De_Gestion","type":"float","value":"@add(add(variables('Financiamiento_Con_Fondos_Fuente_12_Ejecutados_Desde_La_AER En Comas'), variables('Recursos_Extrapresupuestarios_Y_Cofinanciaciones En Coma')), variables('Proyecos_Aprobados_Y_En_Ejecucion En Coma'))\r\n"}]}},"Suma_de_Totales":{"runAfter":{"Indice_de_Capacidad_de_Gestión_Económica":["Succeeded"]},"metadata":{"operationMetadataId":"7187b3b0-73cf-4b1a-9e49-b5a8890573b6"},"type":"Compose","inputs":"@add(variables('Total_Dimension_Contextualizacion'), \r\n             add(variables('Total_Planificacion'), \r\n                 add(variables('Total_Dimension_Recursos_Propios'), \r\n                     add(variables('Total_Dimension_Integracion_Y_Articulacion'), \r\n                         variables('Total_Dimension_De_Capacidad_De_Gestion')))))"},"División_de_Totales_por_el_puntaje_máximo_obtenible":{"runAfter":{"Suma_de_Totales":["Succeeded"]},"metadata":{"operationMetadataId":"4bfa4b7c-9f81-4a6f-adea-d499c3173630"},"type":"Compose","inputs":"@div(outputs('Suma_de_Totales'),3.0)"},"Conversión_del_Indice_Total_a_Porcentaje":{"runAfter":{"División_de_Totales_por_el_puntaje_máximo_obtenible":["Succeeded"]},"metadata":{"operationMetadataId":"7993d29b-3249-4967-ae9d-abe5e6b95273"},"type":"Compose","inputs":"@float(mul(outputs('División_de_Totales_por_el_puntaje_máximo_obtenible'),100))"},"Compose_8":{"runAfter":{"Get_response_details":["Succeeded"]},"metadata":{"operationMetadataId":"3da96287-9cb5-4d39-818f-697033a2fc66"},"type":"Compose","inputs":"@body('Get_response_details')?['rceb90ef2bf2444b2820aeb56e548da4e']"},"Compose_9":{"runAfter":{"Compose_8":["Succeeded"]},"metadata":{"operationMetadataId":"f37ecee6-ebf1-4247-95d5-76fa85e7c071"},"type":"Compose","inputs":"@body('Get_response_details')?['rf00c8ad7b45246399bb0ba402e75afd6']"},"Compose_10":{"runAfter":{"Compose_9":["Succeeded"]},"metadata":{"operationMetadataId":"295b987f-9e6f-45f0-9662-f2a463491536"},"type":"Compose","inputs":"@body('Get_response_details')?['r7ad3243f4e284721ad4d6797af6dd6c7']"},"Compose_11":{"runAfter":{"Compose_10":["Succeeded"]},"metadata":{"operationMetadataId":"77cd40ac-78c8-4a4c-a323-4e4b0eae395f"},"type":"Compose","inputs":"@body('Get_response_details')?['r7bbbbcfdd7dc454198e5de6a129a94f4']"},"Indice_Contextualizacion":{"runAfter":{"Total_Dimension_De_Capacidad_De_Gestion":["Succeeded"]},"metadata":{"operationMetadataId":"d060c6db-0c78-4a18-930e-be477da82987"},"type":"InitializeVariable","inputs":{"variables":[{"name":"Indice_Contextualizacion","type":"float","value":"@mul(div(float(variables('Total_Dimension_Contextualizacion')), 0.75), 100)"}]}},"Indice_Planficacion":{"runAfter":{"Indice_Contextualizacion":["Succeeded"]},"metadata":{"operationMetadataId":"099c59d3-b449-48c4-a251-2ed3eb6310bb"},"type":"InitializeVariable","inputs":{"variables":[{"name":"Indice_Planficacion","type":"float","value":"@mul(div(float(variables('Total_Planificacion')),0.45),100)"}]}},"Inidice_Recursos_Propios":{"runAfter":{"Indice_Planficacion":["Succeeded"]},"metadata":{"operationMetadataId":"2c418229-c32b-40d8-92f0-c3e6a87872fd"},"type":"InitializeVariable","inputs":{"variables":[{"name":"Inidice_Recursos_Propios","type":"float","value":"@mul(div(float(variables('Total_Dimension_Recursos_Propios')),0.75),100)"}]}},"Indice_Integracion_Articulacion":{"runAfter":{"Inidice_Recursos_Propios":["Succeeded"]},"metadata":{"operationMetadataId":"a5f69e69-81a4-4d52-99d1-aae5efd4c96b"},"type":"InitializeVariable","inputs":{"variables":[{"name":"Indice_Integracion_Articulacion","type":"float","value":"@mul(div(float(variables('Total_Dimension_Integracion_Y_Articulacion')),0.75),100)"}]}},"Initialize_variable_25":{"runAfter":{"Conversión_del_Indice_Total_a_Porcentaje":["Succeeded"]},"metadata":{"operationMetadataId":"0a298bc1-50a9-4af4-9218-5f20ba84eb19"},"type":"InitializeVariable","inputs":{"variables":[{"name":"Indice_Abordaje_Territorial","type":"float","value":"@mul(\r\n    div(\r\n        add(\r\n            variables('Total_Dimension_Contextualizacion'),\r\n            add(\r\n                variables('Total_Planificacion'),\r\n                add(\r\n                    variables('Total_Dimension_Recursos_Propios'),\r\n                    add(\r\n                        variables('Total_Dimension_Integracion_Y_Articulacion'),\r\n                        variables('Total_Dimension_De_Capacidad_De_Gestion')\r\n                    )\r\n                )\r\n            )\r\n        ),\r\n        51\r\n    ),\r\n    100.0\r\n)\r\n"}]}},"Agencia_De_Extension_Rural":{"runAfter":{"Estación_Experimental":["Succeeded"]},"metadata":{"operationMetadataId":"88865a06-7160-46b4-995f-b8f220061ed2"},"type":"InitializeVariable","inputs":{"variables":[{"name":"Agencia_De_Extension Rural","type":"string","value":"@concat(body('Get_response_details')?['r5422fe55087b4bdfbafe2ca469c9d686'],body('Get_response_details')?['r3344d93d43b8460a84c36897a9ec40aa'],body('Get_response_details')?['rc8044333dc934056b28221b865855f66'],body('Get_response_details')?['r78db6316639341f587f566d77f12dca4'],body('Get_response_details')?['r2a5a37c3468f4609b78d6b35adc7421a'],body('Get_response_details')?['rcdc05618713f450b9b82a77626eaa884'],body('Get_response_details')?['r76aa08190ba64885951cc3f59ca6da11'],body('Get_response_details')?['r560569adc66a49af9e2684d1e63fedd8'],body('Get_response_details')?['rdc7a60aabc304024bebcccef20ada063'],body('Get_response_details')?['rf5853d4074634fbd89b0d5821d910b89'],body('Get_response_details')?['r658d3a75bab24d06b86b11b90e6c33ff'],body('Get_response_details')?['rde199dac60334bf884d0dcf22b884af4'],body('Get_response_details')?['r68073f1b893640e1af0f7c83e650b113'],body('Get_response_details')?['re3183123c75144f88ae542b10c2972df'],body('Get_response_details')?['r42606f0051ec4e7c997f183408b11e70'],body('Get_response_details')?['rfced0f3a7c8149efac70c5a2dc3f7981'],body('Get_response_details')?['ra795a5aa331142c79237873f7f892135'],body('Get_response_details')?['r0d643cda0d014dacb6220d7aef94fa4a'],body('Get_response_details')?['r6e3f5734402e47039896b3dee5502cd5'],body('Get_response_details')?['r872be9e387b04a24978667c0fc3a4b5c'],body('Get_response_details')?['r49993690b0684d45a356dc0896fb7312'],body('Get_response_details')?['r4869135f32704d79b3fe8ece3f0bde1f'],body('Get_response_details')?['rc57f91226e7045cb9e88203442fab7c6'],body('Get_response_details')?['r7a629b4f55f54aabaaaae5444797025f'],body('Get_response_details')?['r42d4ccdddebf4b5eb8f95060d4c09241'],body('Get_response_details')?['r407d43d8ae194a46937c3aeb2230375d'],body('Get_response_details')?['r8d3fb28689544beda058d7df10990fab'],body('Get_response_details')?['r70065da46aa8492a8ec47f25bb5cf7cd'],body('Get_response_details')?['rbb3f2a4f007f49e5b766b4b409b7e41e'],body('Get_response_details')?['r4dc38ef4f581471fa39ce1a17c756c2c'],body('Get_response_details')?['r9143c5eb348e4e07bbf4c6e396b85415'],body('Get_response_details')?['r8988a7675c484e828e3797fbbf1318bd'],body('Get_response_details')?['rcc50a9b8e1a8494f99b270dc6e33729d'],body('Get_response_details')?['rb8af3a66a6c54f53857fb822cb993cb0'],body('Get_response_details')?['rcc34d5497adc4671b5f539044c63ac50'],body('Get_response_details')?['rf2ea88c421fe488d9f6fe610096b68c4'],body('Get_response_details')?['r3fe4e23fad4341919fe683164cf99f9e'],body('Get_response_details')?['r3a7f6ac0c0834d238f4c39c0b0821858'],body('Get_response_details')?['r455cd73a30934d298d6fe850c360884a'],body('Get_response_details')?['rbad34017156c4a18b720159e74cb824e'],body('Get_response_details')?['rc21f48c2ea16426b9d0f3eac6775be97'],body('Get_response_details')?['r6472da1cb67247a1b7fc10b36e5452d9'],body('Get_response_details')?['rf2d41c71b5f04ac59c60585fb6d60b95'],body('Get_response_details')?['r14a1cac185b343cfa3997bc0fdb0f2fb'],body('Get_response_details')?['r27482353a68d4729a5830cf502ba24d7'],body('Get_response_details')?['r1354fe81952b4896a5f2cd13ffc6deeb'],body('Get_response_details')?['r7f467524dfd54f6f83de5cd2f29ea68e'],body('Get_response_details')?['rcdfb742b95c1404ba97489e5e8945fdc'],body('Get_response_details')?['r26c791dc9b9b4343b21d0e913f55bdf3'],body('Get_response_details')?['r84fc2611c89c4918b464bfcf83823a78'],body('Get_response_details')?['ra6240cd95493425786999a2a47e91f8f'])"}]}},"Estación_Experimental":{"runAfter":{"Centro_Regional":["Succeeded"]},"metadata":{"operationMetadataId":"c69b6268-83d6-4616-b288-962ad611dcc8"},"type":"InitializeVariable","inputs":{"variables":[{"name":"Estación_Experimental","type":"string","value":"@concat(body('Get_response_details')?['r693c14a9e417411c80892aa6c621d111'],body('Get_response_details')?['rff0321e51b6c48a78065038230d5bf99'],body('Get_response_details')?['r0e392fed80e743c7bc184eb7ec09d9cf'],body('Get_response_details')?['rf115d4c47a304053a59f32ce540ad54f'],body('Get_response_details')?['r39c31090a9bd444d9d05b774d76a62c8'],body('Get_response_details')?['r96456204364a427d98a513529f008a71'],body('Get_response_details')?['r7fc83a7efb23401196afa36dcb092aa0'],body('Get_response_details')?['r0f113413717146af9ad78e757dc039ad'],body('Get_response_details')?['r7d3adc60eaa24e0eabc4e00115eadad9'],body('Get_response_details')?['r8661ca4a7912436893b2335885dbd51a'],body('Get_response_details')?['rd62746243ffd425888672e286258051f'],body('Get_response_details')?['r8f768af7123a4a3a9db46717b0925209'],body('Get_response_details')?['re41de3e6d1a94f0ca1f8b655c49eaa55'],body('Get_response_details')?['r02983a7c0b7a41daa16c119134c90f75'],body('Get_response_details')?['re5dc1a9621574fbbba3a73dc1a3239c2'],body('Get_response_details')?['r7a96151817c141aba6ef6cf96535819f'])"}]}},"Cereales_Oleaginosas":{"runAfter":{"Agencia_De_Extension_Rural":["Succeeded"]},"metadata":{"operationMetadataId":"9451a4a6-94a6-4546-84f7-bfb2a64e4b35"},"type":"InitializeVariable","inputs":{"variables":[{"name":"Cereales_Oleaginosas","type":"string","value":"@if(\r\n        or(\r\n            empty(body('Get_response_details')?['r63f40d42e4c646dbbc534a8f07ee7430']),\r\n            equals(trim(body('Get_response_details')?['r63f40d42e4c646dbbc534a8f07ee7430']), '')\r\n        ),\r\n        '0',\r\n        body('Get_response_details')?['r63f40d42e4c646dbbc534a8f07ee7430']\r\n    )"}]}},"Algodon":{"runAfter":{"Compose":["Succeeded"]},"metadata":{"operationMetadataId":"e52e559e-57e6-4ca6-9460-813936f339b7"},"type":"InitializeVariable","inputs":{"variables":[{"name":"Algodon","type":"string","value":"@if(\r\n        empty(body('Get_response_details')?['ra8d09d4d7a13490b8428bfdb1c5e6fc6']),\r\n        '0',\r\n        body('Get_response_details')?['ra8d09d4d7a13490b8428bfdb1c5e6fc6']\r\n    )\r\n"}]}},"Papa":{"runAfter":{"Algodon":["Succeeded"]},"metadata":{"operationMetadataId":"802c41bc-6782-4c99-890b-50dd465e0580"},"type":"InitializeVariable","inputs":{"variables":[{"name":"Papa","type":"string","value":"@if(\r\n        empty(body('Get_response_details')?['reaa5c8f5ef524341812dc6fb1e78d2bb']),\r\n        '0',\r\n        body('Get_response_details')?['reaa5c8f5ef524341812dc6fb1e78d2bb']\r\n    )"}]}},"Legumbres":{"runAfter":{"Papa":["Succeeded"]},"metadata":{"operationMetadataId":"6730ffb4-f5fa-498e-922f-bcb23761ba43"},"type":"InitializeVariable","inputs":{"variables":[{"name":"Legumbres","type":"string","value":"@if(\r\n        empty(body('Get_response_details')?['r141ef48961c64b4e88b3550f54ad8186']),\r\n        '0',\r\n        body('Get_response_details')?['r141ef48961c64b4e88b3550f54ad8186']\r\n    )"}]}},"Maní":{"runAfter":{"Legumbres":["Succeeded"]},"metadata":{"operationMetadataId":"2f34f035-c097-4bdf-b369-4ec0f475fa0e"},"type":"InitializeVariable","inputs":{"variables":[{"name":"Maní","type":"string","value":"@if(\r\n        empty(body('Get_response_details')?['r7bf78c32408148ddbceab5c8cf837202']),\r\n        '0',\r\n        body('Get_response_details')?['r7bf78c32408148ddbceab5c8cf837202']\r\n    )"}]}},"Cebolla":{"runAfter":{"Tabaco":["Succeeded"]},"metadata":{"operationMetadataId":"5a67272f-680d-47a3-9b22-5d7eb34f6b19"},"type":"InitializeVariable","inputs":{"variables":[{"name":"Cebolla","type":"string","value":"@if(\r\n        empty(body('Get_response_details')?['rbf8a11f01b964d81b2e129ac25776542']),\r\n        '0',\r\n        body('Get_response_details')?['rbf8a11f01b964d81b2e129ac25776542']\r\n    )"}]}},"Batata":{"runAfter":{"Cebolla":["Succeeded"]},"metadata":{"operationMetadataId":"7e65519c-b7fc-4b48-bf43-ca5a75b03df8"},"type":"InitializeVariable","inputs":{"variables":[{"name":"Batata","type":"string","value":"@if(\r\n        empty(body('Get_response_details')?['rcde40a1c227d497094602562a0a763af']),\r\n        '0',\r\n        body('Get_response_details')?['rcde40a1c227d497094602562a0a763af']\r\n    )"}]}},"Cucurbitáceas":{"runAfter":{"Batata":["Succeeded"]},"metadata":{"operationMetadataId":"8640518f-25e4-4b4c-94c0-2f340ba215fd"},"type":"InitializeVariable","inputs":{"variables":[{"name":"Cucurbitáceas","type":"string","value":"@if(\r\n        empty(body('Get_response_details')?['rf0b2305bd8df48869506b34c43a00690']),\r\n        '0',\r\n        body('Get_response_details')?['rf0b2305bd8df48869506b34c43a00690']\r\n    )\r\n"}]}},"Otras":{"runAfter":{"Cucurbitáceas":["Succeeded"]},"metadata":{"operationMetadataId":"434ea91e-06be-4cf8-8b70-7e53b370ec7f"},"type":"InitializeVariable","inputs":{"variables":[{"name":"Otras","type":"string","value":"@if(\r\n        empty(body('Get_response_details')?['r4c4e18ddd5654e3fa6903f5dfa452d32']),\r\n        '0',\r\n        body('Get_response_details')?['r4c4e18ddd5654e3fa6903f5dfa452d32']\r\n    )\r\n"}]}},"Horticultura":{"runAfter":{"Otras":["Succeeded"]},"metadata":{"operationMetadataId":"b5050781-0a86-42a0-aaa6-4733df45ac36"},"type":"InitializeVariable","inputs":{"variables":[{"name":"Horticultura","type":"string","value":"@if(\r\n        empty(body('Get_response_details')?['r36ea27e4db194d8a91b9f3a0749b2cf8']),\r\n        '0',\r\n        body('Get_response_details')?['r36ea27e4db194d8a91b9f3a0749b2cf8']\r\n    )\r\n"}]}},"Aromáticas":{"runAfter":{"Horticultura":["Succeeded"]},"metadata":{"operationMetadataId":"dbf78328-fc92-42d6-9c16-19c8860fcee5"},"type":"InitializeVariable","inputs":{"variables":[{"name":"Aromáticas","type":"string","value":"@if(\r\n        empty(body('Get_response_details')?['r614a20079ee844b29f1ac63fd0f0a0f3']),\r\n        '0',\r\n        body('Get_response_details')?['r614a20079ee844b29f1ac63fd0f0a0f3']\r\n    )\r\n"}]}},"Ornamentales":{"runAfter":{"Aromáticas":["Succeeded"]},"metadata":{"operationMetadataId":"7f235eea-9ae3-4af5-a96e-c475a02cac38"},"type":"InitializeVariable","inputs":{"variables":[{"name":"Ornamentales","type":"string","value":"@if(\r\n        empty(body('Get_response_details')?['r7db23e79a4fd4531a38bdd9dc4571f9f']),\r\n        '0',\r\n        body('Get_response_details')?['r7db23e79a4fd4531a38bdd9dc4571f9f']\r\n    )"}]}},"Medicinales":{"runAfter":{"Otras1":["Succeeded"]},"metadata":{"operationMetadataId":"e04c56f0-49a9-4a41-91bc-25b73f7af25b"},"type":"InitializeVariable","inputs":{"variables":[{"name":"Medicinales","type":"string","value":"@if(\r\n        empty(body('Get_response_details')?['rac8c454cc53f4249823fe1aa2844a5c0']),\r\n        '0',\r\n        body('Get_response_details')?['rac8c454cc53f4249823fe1aa2844a5c0']\r\n    )\r\n"}]}},"Bosque_Nativo":{"runAfter":{"Productos_de_la_colmena":["Succeeded"]},"metadata":{"operationMetadataId":"c7375e02-9d8c-4a68-9293-698be2847252"},"type":"InitializeVariable","inputs":{"variables":[{"name":"Bosque_Nativo","type":"string","value":"@if(\r\n        empty(body('Get_response_details')?['r1fb9571bb57248968af7beec06f7f0e8']),\r\n        '0',\r\n        body('Get_response_details')?['r1fb9571bb57248968af7beec06f7f0e8']\r\n    )"}]}},"Bosque_Cultivado":{"runAfter":{"Bosque_Nativo":["Succeeded"]},"metadata":{"operationMetadataId":"9d240220-1cfb-4ce4-8d59-6012ca0ea55e"},"type":"InitializeVariable","inputs":{"variables":[{"name":"Bosque_Cultivado","type":"string","value":"@if(\r\n        empty(body('Get_response_details')?['r29cac9c5f6a44ee3be21c791101e6178']),\r\n        '0',\r\n        body('Get_response_details')?['r29cac9c5f6a44ee3be21c791101e6178']\r\n    )"}]}},"Otras4":{"runAfter":{"Bosque_Cultivado":["Succeeded"]},"metadata":{"operationMetadataId":"735a692a-d36e-4435-b128-ece546ecfd3d"},"type":"InitializeVariable","inputs":{"variables":[{"name":"Otras4","type":"string","value":"@if(\r\n        empty(body('Get_response_details')?['r6a5ffdcd93b84322af608f81441a7e0e']),\r\n        '0',\r\n        body('Get_response_details')?['r6a5ffdcd93b84322af608f81441a7e0e']\r\n    )"}]}},"Servicios_Agropecuarios":{"runAfter":{"Polinizacion":["Succeeded"]},"metadata":{"operationMetadataId":"2e3823ae-4982-41ce-a5c2-026c95c50828"},"type":"InitializeVariable","inputs":{"variables":[{"name":"Servicios_Agropecuarios","type":"string","value":"@if(\r\n        empty(body('Get_response_details')?['r4a312ac4d9ad477594cdaf2120afcf0a']),\r\n        '0',\r\n        body('Get_response_details')?['r4a312ac4d9ad477594cdaf2120afcf0a']\r\n    )\r\n"}]}},"Turismo_Rural":{"runAfter":{"Servicios_Agropecuarios":["Succeeded"]},"metadata":{"operationMetadataId":"1fa1c736-b7c6-46c5-b45d-c189a8547de5"},"type":"InitializeVariable","inputs":{"variables":[{"name":"Turismo_Rural","type":"string","value":"@if(\r\n        empty(body('Get_response_details')?['r9268c2c456ee4a5aba63b24b31b8c945']),\r\n        '0',\r\n        body('Get_response_details')?['r9268c2c456ee4a5aba63b24b31b8c945']\r\n    )"}]}},"Agroindustria":{"runAfter":{"Turismo_Rural":["Succeeded"]},"metadata":{"operationMetadataId":"ba684adc-402e-477c-a297-17b4e39d88ed"},"type":"InitializeVariable","inputs":{"variables":[{"name":"Agroindustria","type":"string","value":"@if(\r\n        empty(body('Get_response_details')?['r2103f1144a544a2b98e87bc334782513']),\r\n        '0',\r\n        body('Get_response_details')?['r2103f1144a544a2b98e87bc334782513']\r\n    )"}]}},"Artesanías":{"runAfter":{"Agroindustria":["Succeeded"]},"metadata":{"operationMetadataId":"c2aeb03c-9e78-4501-9807-092e1ec6ac89"},"type":"InitializeVariable","inputs":{"variables":[{"name":"Artesanías","type":"string","value":"@if(\r\n        empty(body('Get_response_details')?['rd6eb6cd0809c4fb89620e351e870c9a5']),\r\n        '0',\r\n        body('Get_response_details')?['rd6eb6cd0809c4fb89620e351e870c9a5']\r\n    )"}]}},"Diferenciación_De_Productos":{"runAfter":{"Artesanías":["Succeeded"]},"metadata":{"operationMetadataId":"80812052-781c-4590-871c-5fb4c2897b4e"},"type":"InitializeVariable","inputs":{"variables":[{"name":"Diferenciación_De_Productos","type":"string","value":"@if(\r\n        empty(body('Get_response_details')?['rbd4f1eff7f934258abbb8632edd7b271']),\r\n        '0',\r\n        body('Get_response_details')?['rbd4f1eff7f934258abbb8632edd7b271']\r\n    )"}]}},"Comercialización":{"runAfter":{"Otras5":["Succeeded"]},"metadata":{"operationMetadataId":"8b93b90b-1af9-49c9-b166-12ed3affcb6d"},"type":"InitializeVariable","inputs":{"variables":[{"name":"Comercialización","type":"string","value":"@if(\r\n        empty(outputs('Get_response_details')?['body/r286e755f54b94e06a9538463599f7266']),\r\n        '0',\r\n        outputs('Get_response_details')?['body/r286e755f54b94e06a9538463599f7266']\r\n    )"}]}},"Sustentabilidad":{"runAfter":{"Gestión_de_la_empresa":["Succeeded"]},"metadata":{"operationMetadataId":"515dd1ef-e46d-4220-87ab-4269c2300dbd"},"type":"InitializeVariable","inputs":{"variables":[{"name":"Sustentabilidad","type":"string","value":"@if(\r\n        empty(body('Get_response_details')?['r88c2daafe946449bbb040daff3d4b573']),\r\n        '0',\r\n        body('Get_response_details')?['r88c2daafe946449bbb040daff3d4b573']\r\n    )"}]}},"Equidad":{"runAfter":{"Sustentabilidad":["Succeeded"]},"metadata":{"operationMetadataId":"a8e44be4-ed14-46f1-968d-76cf8185474b"},"type":"InitializeVariable","inputs":{"variables":[{"name":"Equidad","type":"string","value":"@if(\r\n        empty(body('Get_response_details')?['ra738dadc009b468cbaca7b51d7265dcc']),\r\n        '0',\r\n        body('Get_response_details')?['ra738dadc009b468cbaca7b51d7265dcc']\r\n    )\r\n"}]}},"Competitividad":{"runAfter":{"Equidad":["Succeeded"]},"metadata":{"operationMetadataId":"465bd16c-00c7-471e-a7e1-958ffb5c5fed"},"type":"InitializeVariable","inputs":{"variables":[{"name":"Competitividad","type":"string","value":"@if(\r\n        empty(body('Get_response_details')?['r7d4aeeda8ab44576b9b0912c0d35a068']),\r\n        '0',\r\n        body('Get_response_details')?['r7d4aeeda8ab44576b9b0912c0d35a068']\r\n    )"}]}},"Asistencia_Tecnica_Y_Transferencia":{"runAfter":{"Competitividad":["Succeeded"]},"metadata":{"operationMetadataId":"61e76ffa-be13-4974-aedd-35077965353b"},"type":"InitializeVariable","inputs":{"variables":[{"name":"Asistencia_Tecnica_Y_Transferencia","type":"string","value":"@if(\r\n        empty(body('Get_response_details')?['r893db3e657f14e7d8de6e41171ebf79a']),\r\n        '0',\r\n        body('Get_response_details')?['r893db3e657f14e7d8de6e41171ebf79a']\r\n    )\r\n"}]}},"Desarrollo_Local":{"runAfter":{"Asistencia_Tecnica_Y_Transferencia":["Succeeded"]},"metadata":{"operationMetadataId":"22540ebb-0548-4691-a9b1-fbdc36bccd24"},"type":"InitializeVariable","inputs":{"variables":[{"name":"Desarrollo_Local","type":"string","value":"@if(\r\n        empty(body('Get_response_details')?['r0397ee509ea140db8a411bcc669a6fdb']),\r\n        '0',\r\n        body('Get_response_details')?['r0397ee509ea140db8a411bcc669a6fdb']\r\n    )\r\n"}]}},"Suma_De_Capacidades":{"runAfter":{"Desarrollo_Local":["Succeeded"]},"metadata":{"operationMetadataId":"2f3f5f71-2b69-471d-97ba-db2944aaaab2"},"type":"InitializeVariable","inputs":{"variables":[{"name":"Suma_De_Capacidades","type":"string","value":"@if(\r\n        empty(body('Get_response_details')?['rab395c8ecc1d49518e739a1e8f006a6c']),\r\n        '0',\r\n        body('Get_response_details')?['rab395c8ecc1d49518e739a1e8f006a6c']\r\n    )"}]}},"Innovacion":{"runAfter":{"Suma_De_Capacidades":["Succeeded"]},"metadata":{"operationMetadataId":"a05ebdb6-3d9f-4be7-8940-6637f8c890c7"},"type":"InitializeVariable","inputs":{"variables":[{"name":"Innovacion","type":"string","value":"@if(\r\n        empty(body('Get_response_details')?['r641a6805cd754530ae73140bc6e409fe']),\r\n        '0',\r\n        body('Get_response_details')?['r641a6805cd754530ae73140bc6e409fe']\r\n    )"}]}},"Compose":{"runAfter":{"Cereales_Oleaginosas":["Succeeded"]},"metadata":{"operationMetadataId":"1cffc908-e950-4953-8fd6-f6029df178b2"},"type":"Compose","inputs":"@body('Get_response_details')?['ra8d09d4d7a13490b8428bfdb1c5e6fc6']"},"Comunicación":{"runAfter":{"Optimizacion_De_Capacidades_Institucionales_En_Comas":["Succeeded"]},"type":"InitializeVariable","inputs":{"variables":[{"name":"Comunicación","type":"integer","value":"@if(\r\n   equals(outputs('Get_response_details')?['body/rdb7e903416174a6c80540a8616803af7'], 'Desde la AER no se realizan actividades de comunicación.'),\r\n   0,\r\n   if(\r\n      equals(outputs('Get_response_details')?['body/rdb7e903416174a6c80540a8616803af7'], 'Sólo se realizan actividades de visibilización y difusión de información sobre actividades de la AER'),\r\n      1,\r\n      if(\r\n         equals(outputs('Get_response_details')?['body/rdb7e903416174a6c80540a8616803af7'], 'Se realizan actividades de visibilización y se trabaja la comunicación interna.'),\r\n         2,\r\n         3\r\n      )\r\n   )\r\n)\r\n"}]}},"Centro_Regional":{"runAfter":{"Add_a_row_into_a_table_2":["Succeeded"]},"metadata":{"operationMetadataId":"a2cef4ce-624b-47c1-b8eb-32f99c59e85c"},"type":"InitializeVariable","inputs":{"variables":[{"name":"Centro_Regional","type":"string","value":"@body('Get_response_details')?['r312d60fc00a84825af5d02c5d0d393a7']"}]}},"Optimizacion_De_Capacidades_Institucionales":{"runAfter":{"Integración_Extensión_Investigación_En_Comas":["Succeeded"]},"metadata":{"operationMetadataId":"055fb56a-53c6-4237-a65c-2c1da2db5362"},"type":"InitializeVariable","inputs":{"variables":[{"name":"Optimizacion_De_Capacidades_Institucionales","type":"integer","value":"@if(\r\n   equals(body('Get_response_details')?['r7bbbbcfdd7dc454198e5de6a129a94f4'], 'Para el trabajo de la AER no se cuenta con apoyo necesario de otras áreas de INTA (Administración, Comunicación, Sistemas, Vinculación).'),\r\n   0,\r\n   if(\r\n      equals(body('Get_response_details')?['r7bbbbcfdd7dc454198e5de6a129a94f4'], 'Para el trabajo de la AER se cuenta con apoyo ocasional de otras áreas de INTA (Administración, Comunicación, Sistemas, Vinculación), con aspectos de mejora necesarios.'),\r\n      1,\r\n      if(\r\n         equals(body('Get_response_details')?['r7bbbbcfdd7dc454198e5de6a129a94f4'],'Para el trabajo de la AER se cuenta con apoyo suficiente de otras áreas de INTA (Administración, Comunicación, Sistemas, Vinculación).'),\r\n         2,\r\n         3\r\n      )\r\n   )\r\n)\r\n"}]}},"Compose_2":{"runAfter":{"Presencia_Institucional_En_Espacios_Multiactorales_Territoriales_En_Comas":["Succeeded"]},"type":"Compose","inputs":"@outputs('Get_response_details')?['body/r22d99b36afa246c48f0249e2e83e39c8']"},"Ubucación_geografica":{"runAfter":{"Innovacion":["Succeeded"]},"type":"InitializeVariable","inputs":{"variables":[{"name":"Ubucación geografica","type":"string"}]}},"Existencia_Diagnostico_Del_Contexto_Puntaje_En_Coma":{"runAfter":{"Existencia_Diagnostico_Del_Contexto":["Succeeded"]},"type":"InitializeVariable","inputs":{"variables":[{"name":"Existencia_Diagnostico_Del_Contexto_Puntaje_En_Comas","type":"float","value":"@mul(mul(variables('Existencia_Diagnostico_Del_Contexto'),0.20),0.25)"}]}},"Identificación_De_Actores_Territoriales_Principales_En_Comas":{"runAfter":{"Identificación_De_Actores_Territoriales_Principales":["Succeeded"]},"type":"InitializeVariable","inputs":{"variables":[{"name":"Identificación_De_Actores_Territoriales_Principales En Comas","type":"float","value":"@mul(mul(variables('Identificación_De_Actores_Territoriales_Principales'),0.40),0.25)"}]}},"Calidad_Del_Proceso_De_Diagnostico_En_Comas":{"runAfter":{"Calidad_Del_Proceso_De_Diagnostico":["Succeeded"]},"type":"InitializeVariable","inputs":{"variables":[{"name":"Calidad Del Proceso De Diagnostico En Comas","type":"float","value":"@mul(mul(variables('Calidad_Del_Proceso_De_Diagnostico'),0.40),0.25)"}]}},"Planificación_Estratégica_En_Comas":{"runAfter":{"Planificacion_Estrategica":["Succeeded"]},"type":"InitializeVariable","inputs":{"variables":[{"name":"Planificación Estratégica En Comas","type":"float","value":"@mul(mul(variables('Planificacion_Estrategica'),0.40),0.15)"}]}},"Plan_Operativo_Anual_De_la_AER_En_Comas":{"runAfter":{"Plan_Operativo_Anual_De_La_AER":["Succeeded"]},"type":"InitializeVariable","inputs":{"variables":[{"name":"Plan Operativo Anual De la AER En Comas","type":"float","value":"@mul(mul(variables('Plan_Operativo_Anual_De_La_AER'),0.60),0.15)"}]}},"Capacidades_Del_Equipo_Tecnico_De_La_AER_En_Comas":{"runAfter":{"Capacidades_Del_Equipo_Tecnico_De_La_AER":["Succeeded"]},"type":"InitializeVariable","inputs":{"variables":[{"name":"Capacidades Del Equipo Tecnico De La AER En Comas","type":"float","value":"@mul(mul(variables('Capacidades_Del_Equipo_Tecnico_De_La_AER'),0.30),0.25)"}]}},"Espacio_Fisico_En_Comas":{"runAfter":{"Espacio_Fisico":["Succeeded"]},"type":"InitializeVariable","inputs":{"variables":[{"name":"Espacio_Fisico En Comas","type":"float","value":"@mul(mul(variables('Espacio_Fisico'),0.10),0.25)"}]}},"Vehiculos_En_Comas":{"runAfter":{"Vehiculos":["Succeeded"]},"type":"InitializeVariable","inputs":{"variables":[{"name":"Vehiculos En Comas","type":"float","value":"@mul(mul(variables('Vehiculos'),0.25),0.25)"}]}},"Equipamiento_En_Comas":{"runAfter":{"Equipamiento":["Succeeded"]},"type":"InitializeVariable","inputs":{"variables":[{"name":"Equipamiento En Comas","type":"float","value":"@mul(mul(variables('Equipamiento'),0.15),0.25)"}]}},"Presupuesto_En_Comas":{"runAfter":{"Presupuesto":["Succeeded"]},"type":"InitializeVariable","inputs":{"variables":[{"name":"Presupuesto En Comas","type":"float","value":"@mul(mul(variables('Presupuesto'),0.20),0.25)"}]}},"Integración_Extensión_Investigación_En_Comas":{"runAfter":{"Integración_Extensión_Investigación":["Succeeded"]},"type":"InitializeVariable","inputs":{"variables":[{"name":"Integración Extensión Investigación En Comas","type":"float","value":"@mul(mul(variables('Integración_Extensión_Investigación'),0.20),0.25)"}]}},"Optimizacion_De_Capacidades_Institucionales_En_Comas":{"runAfter":{"Optimizacion_De_Capacidades_Institucionales":["Succeeded"]},"type":"InitializeVariable","inputs":{"variables":[{"name":"Optimizacion_De_Capacidades_Institucionales En Comas","type":"float","value":"@mul(mul(variables('Optimizacion_De_Capacidades_Institucionales'),0.15),0.25)"}]}},"Comunicación_En_Comas":{"runAfter":{"Comunicación":["Succeeded"]},"type":"InitializeVariable","inputs":{"variables":[{"name":"Comunicación En Comas","type":"float","value":"@mul(mul(variables('Comunicación'),0.15),0.25)"}]}},"Vinculacion_Con_Otras_Instituciones_En_Comas":{"runAfter":{"Vinculacion_Con_Otras_Instituciones":["Succeeded"]},"type":"InitializeVariable","inputs":{"variables":[{"name":"Vinculacion_Con_Otras_Instituciones En Comas","type":"float","value":"@mul(mul(variables('Comunicación'),0.25),0.25)"}]}},"Presencia_Institucional_En_Espacios_Multiactorales_Territoriales_En_Comas":{"runAfter":{"Presencia_Institucional_En_Espacios_Multiactorales_Territoriales":["Succeeded"]},"type":"InitializeVariable","inputs":{"variables":[{"name":"Presencia_Institucional_En_Espacios_Multiactorales_Territoriales En Comas","type":"float","value":"@mul(mul(variables('Presencia_Institucional_En_Espacios_Multiactorales_Territoriales'),0.25),0.25)"}]}},"Financiamiento_Con_Fondos_Fuente_12_Ejecutados_Desde_La_AER_En_Comas":{"runAfter":{"Financiamiento_Con_Fondos_Fuente_12_Ejecutados_Desde_La_AER":["Succeeded"]},"type":"InitializeVariable","inputs":{"variables":[{"name":"Financiamiento_Con_Fondos_Fuente_12_Ejecutados_Desde_La_AER En Comas","type":"float","value":"@mul(mul(variables('Financiamiento_Con_Fondos_Fuente_12_Ejecutados_Desde_La_AER'),0.40),0.10)"}]}},"Recursos_Extrapresupuestarios_Y_Cofinanciaciones_En_Coma":{"runAfter":{"Recursos_Extrapresupuestarios_Y_Cofinanciaciones":["Succeeded"]},"type":"InitializeVariable","inputs":{"variables":[{"name":"Recursos_Extrapresupuestarios_Y_Cofinanciaciones En Coma","type":"float","value":"@mul(mul(variables('Recursos_Extrapresupuestarios_Y_Cofinanciaciones'),0.40),0.10)"}]}},"Proyecos_Aprobados_Y_En_Ejecucion_En_Coma":{"runAfter":{"Proyecos_Aprobados_Y_En_Ejecucion":["Succeeded"]},"type":"InitializeVariable","inputs":{"variables":[{"name":"Proyecos_Aprobados_Y_En_Ejecucion En Coma","type":"float","value":"@mul(mul(variables('Proyecos_Aprobados_Y_En_Ejecucion'),0.20),0.10)"}]}},"Add_a_row_into_a_table_2":{"runAfter":{"Initialize_variable_25":["Succeeded"]},"metadata":{"0147XILPXTPYAWDVF22FGIOYQMCE6PBIFE":"/PERFIL IAT_Índice de Abordaje Territorial V2.1.xlsx","tableId":"{74EAEBF9-2BF3-4AE5-833C-BE201402A3DD}"},"type":"OpenApiConnection","inputs":{"parameters":{"source":"groups/28779319-a740-426e-ba50-bf1d86f432ce","drive":"b!ldHX1fGZW0K_jU5qjZkYA2XOFJTLlKRFlwEExcrWCMxQaMWwJl-8TKsxAuwP4IQv","file":"0147XILPXTPYAWDVF22FGIOYQMCE6PBIFE","table":"{74EAEBF9-2BF3-4AE5-833C-BE201402A3DD}","item/ID":"@triggerOutputs()?['body/resourceData/responseId']","item/Existencia_Diagnostico_Del_Contexto":"@variables('Existencia_Diagnostico_Del_Contexto_Puntaje_En_Comas')","item/Identificación_De_Actores_Territoriales_Principales":"@variables('Identificación_De_Actores_Territoriales_Principales En Comas')","item/Calidad_Del_Proceso_De_Diagnostico":"@variables('Calidad Del Proceso De Diagnostico En Comas')","item/Planificacion_Estrategica":"@variables('Planificación Estratégica En Comas')","item/Plan_Operativo_Anual_De_La_AER":"@variables('Plan Operativo Anual De la AER En Comas')","item/Capacidades_Del_Equipo_Tecnico_De_La_AER":"@variables('Capacidades Del Equipo Tecnico De La AER En Comas')","item/Espacio_Fisico":"@variables('Espacio_Fisico En Comas')","item/Vehiculos":"@variables('Vehiculos En Comas')","item/Equipamiento":"@variables('Equipamiento En Comas')","item/Presupuesto":"@variables('Presupuesto En Comas')","item/Integracion_Extension_Investigacion":"@variables('Integración Extensión Investigación En Comas')","item/Comunicación":"@variables('Comunicación En Comas')","item/Optimizacion_De_Capacidades_Institucionales":"@variables('Optimizacion_De_Capacidades_Institucionales En Comas')","item/Vinculacion_Con_Otras_Instituciones":"@variables('Vinculacion_Con_Otras_Instituciones En Comas')","item/Presencia_Institucional_En_Espacios_Multiactorales_Territoriales":"@variables('Presencia_Institucional_En_Espacios_Multiactorales_Territoriales En Comas')","item/Financiamiento_Con_Fondos_Fuente_12_Ejecutados_Desde_La_AER":"@variables('Financiamiento_Con_Fondos_Fuente_12_Ejecutados_Desde_La_AER En Comas')","item/Recursos_Extrapresupuestarios_Y_Cofinanciaciones":"@variables('Recursos_Extrapresupuestarios_Y_Cofinanciaciones En Coma')","item/Proyecos_Aprobados_Y_En_Ejecucion":"@variables('Proyecos_Aprobados_Y_En_Ejecucion En Coma')","item/Total_Dimension_Contextualizacion":"@variables('Total_Dimension_Contextualizacion')","item/Total_Dimension_Planficacion":"@variables('Total_Planificacion')","item/Total_Dimension_De_Recursos_Propios\t\t\t\t\n\t\t\t\t":"@variables('Total_Dimension_Recursos_Propios')","item/Total_Dimension_Integracion_Y_Articulacion":"@variables('Total_Dimension_Integracion_Y_Articulacion')","item/Total_Dimension_De_Capacidad_De_Gestion":"@variables('Total_Dimension_De_Capacidad_De_Gestion')","item/Indice_Contextualizacion (porcentajes)":"@variables('Indice_Contextualizacion')","item/Indice_Planificacion (porcentajes)":"@variables('Indice_Planficacion')","item/Indice_Recursos_Propios (porcentaje)":"@variables('Inidice_Recursos_Propios')","item/Indice_Integracion_Articulacion (porcentaje)":"@variables('Indice_Integracion_Articulacion')","item/Indice_Capacidad_De_Gestion (porcentaje)":"@variables('Indice de Capacidad de Gestión Económica')","item/Indice_Abordaje_Territorial":"@outputs('Conversión_del_Indice_Total_a_Porcentaje')"},"host":{"apiId":"/providers/Microsoft.PowerApps/apis/shared_excelonlinebusiness","connectionName":"shared_excelonlinebusiness","operationId":"AddRowV2"},"authentication":"@parameters('$authentication')"}},"Add_a_row_into_a_table":{"runAfter":{"Ubucación_geografica":["Succeeded"]},"metadata":{"0147XILPXTPYAWDVF22FGIOYQMCE6PBIFE":"/PERFIL IAT_Índice de Abordaje Territorial V2.1.xlsx","tableId":"{21004B18-65AB-4781-8E4E-C58C113E258E}"},"type":"OpenApiConnection","inputs":{"parameters":{"source":"groups/28779319-a740-426e-ba50-bf1d86f432ce","drive":"b!ldHX1fGZW0K_jU5qjZkYA2XOFJTLlKRFlwEExcrWCMxQaMWwJl-8TKsxAuwP4IQv","file":"0147XILPXTPYAWDVF22FGIOYQMCE6PBIFE","table":"{21004B18-65AB-4781-8E4E-C58C113E258E}","item/Id":"@triggerOutputs()?['body/resourceData/responseId']","item/Centro Regional":"@variables('Centro_Regional')","item/Estación Experimental Agropecuaria":"@variables('Estación_Experimental')","item/Agencia de Extensión Rural":"@variables('Agencia_De_Extension Rural')","item/Cereales y oleaginosas":"@variables('Cereales_Oleaginosas')","item/Algodón":"@variables('Algodon')","item/Papa":"@variables('Papa')","item/Legumbres":"@variables('Legumbres')","item/Maní":"@variables('Maní')","item/Tabaco":"@variables('Tabaco')","item/Cebolla":"@variables('Cebolla')","item/Batata":"@variables('Batata')","item/Cucurbitáceas":"@variables('Cucurbitáceas')","item/Otras":"@variables('Otras')","item/Horticultura":"@variables('Horticultura')","item/Aromáticas":"@variables('Aromáticas')","item/Ornamentales":"@variables('Ornamentales')","item/Otras1":"@variables('Otras1')","item/Medicinales":"@variables('Medicinales')","item/Tabaco1":"@variables('Tabaco1')","item/Viticultura":"@variables('Viticultura')","item/Carozo":"@variables('Carozo')","item/Pepita":"@variables('Pepita')","item/Olivicultura":"@variables('Olivicultura')","item/Nogalicultura":"@variables('Nogalicultura')","item/Berries":"@variables('Berries')","item/Citricultura":"@variables('Citricultura')","item/Otras2":"@variables('Otras2')","item/Bovinos de carne":"@variables('Bovinos_De_Carne')","item/Bovinos de leche":"@variables('Bovinos_De_Leche')","item/Ovinos ":"@variables('Ovinos')","item/Caprinos":"@variables('Caprinos')","item/Porcinos ":"@variables('Porcinos')","item/Camélidos":"@variables('Cámelidos')","item/Equinos":"@variables('Equinos')","item/Avicultura":"@variables('Avicultura')","item/Cunicultura":"@variables('Cunicultura')","item/Piscicultura":"@variables('Pisicultura')","item/Otras3":"@variables('Otras3')","item/Producción de Miel":"@variables('Producción de Miel')","item/Productos de la colmena":"@variables('Productos de la colmena')","item/Bosque Nativo":"@outputs('Get_response_details')?['body/rf3d3caf5d9a94c14b09499c3e78e6abd']","item/Bosque Cultivado":"@variables('Bosque_Cultivado')","item/Otras4":"@variables('Otras4')","item/Polinización":"@variables('Polinizacion')","item/Otras5":"@variables('Otras5')","item/Servicios Agropecuarios":"@variables('Servicios_Agropecuarios')","item/Turismo rural":"@variables('Turismo_Rural')","item/Agroindustria":"@variables('Agroindustria')","item/Artesanías":"@variables('Artesanías')","item/Diferenciación de productos":"@variables('Diferenciación_De_Productos')","item/Otras52":"@variables('Otras5')","item/Comercialización":"@variables('Comercialización')","item/Gestión de la empresa":"@variables('Gestión de la empresa')","item/Sustentabilidad":"@variables('Sustentabilidad')","item/Equidad":"@variables('Equidad')","item/Competitividad":"@variables('Competitividad')","item/Asistencia técnica y transferencia":"@variables('Asistencia_Tecnica_Y_Transferencia')","item/Desarrollo local":"@variables('Desarrollo_Local')","item/Suma de capacidades":"@variables('Suma_De_Capacidades')","item/Innovación":"@variables('Innovacion')","item/Índice de Abordaje Territorial":"@outputs('Conversión_del_Indice_Total_a_Porcentaje')","item/Dimension_De_Contextualizacion":"@variables('Indice_Contextualizacion')","item/Dimension_De_Planficacion":"@variables('Indice_Planficacion')","item/Dimension_De_Recursos_Propios\t\t\t\t\n\t\t\t\t":"@variables('Inidice_Recursos_Propios')","item/Dimension_Integracion_Y_Articulacion":"@variables('Indice_Integracion_Articulacion')"},"host":{"apiId":"/providers/Microsoft.PowerApps/apis/shared_excelonlinebusiness","connectionName":"shared_excelonlinebusiness-2","operationId":"AddRowV2"},"authentication":"@parameters('$authentication')"}},"Otras1":{"runAfter":{"Ornamentales":["Succeeded"]},"metadata":{"operationMetadataId":"496e13d2-5b41-45ac-a637-15509c6f78d0"},"type":"InitializeVariable","inputs":{"variables":[{"name":"Otras1","type":"string","value":"@if(\r\n        empty(body('Get_response_details')?['r92273ae8a1ff475c91bc5da623b45624']),\r\n        '0',\r\n        body('Get_response_details')?['r92273ae8a1ff475c91bc5da623b45624']\r\n    )\r\n"}]}},"Producción_de_Miel":{"runAfter":{"Otras3":["Succeeded"]},"type":"InitializeVariable","inputs":{"variables":[{"name":"Producción de Miel","type":"string","value":"@outputs('Get_response_details')?['body/r1fb9571bb57248968af7beec06f7f0e8']"}]}},"Productos_de_la_colmena":{"runAfter":{"Producción_de_Miel":["Succeeded"]},"type":"InitializeVariable","inputs":{"variables":[{"name":"Productos de la colmena","type":"string","value":"@outputs('Get_response_details')?['body/r8759da557c06428d882c8b5025666b56']"}]}},"Otras5":{"runAfter":{"Diferenciación_De_Productos":["Succeeded"]},"metadata":{"operationMetadataId":"7de7300e-f584-49a1-9527-9f0d8c1618d9"},"type":"InitializeVariable","inputs":{"variables":[{"name":"Otras5","type":"string","value":"@if(\r\n        empty(body('Get_response_details')?['rfd4b70e8af3447759d77e6e55c9d7dbe']),\r\n        '0',\r\n        body('Get_response_details')?['rfd4b70e8af3447759d77e6e55c9d7dbe']\r\n    )"}]}},"Gestión_de_la_empresa":{"runAfter":{"Comercialización":["Succeeded"]},"type":"InitializeVariable","inputs":{"variables":[{"name":"Gestión de la empresa","type":"string","value":"@outputs('Get_response_details')?['body/rfd4b70e8af3447759d77e6e55c9d7dbe']"}]}},"Tabaco":{"runAfter":{"Maní":["Succeeded"]},"metadata":{"operationMetadataId":"f5e8625a-ae2f-4d88-83c1-9438f94ce62b"},"type":"InitializeVariable","inputs":{"variables":[{"name":"Tabaco","type":"string","value":"@if(\r\n        empty(body('Get_response_details')?['r31490b63a52e4dd19a547330de1561d9']),\r\n        '0',\r\n        body('Get_response_details')?['r31490b63a52e4dd19a547330de1561d9']\r\n    )"}]}},"Tabaco1":{"runAfter":{"Medicinales":["Succeeded"]},"type":"InitializeVariable","inputs":{"variables":[{"name":"Tabaco1","type":"string","value":"@outputs('Get_response_details')?['body/r92273ae8a1ff475c91bc5da623b45624']"}]}},"Viticultura":{"runAfter":{"Tabaco1":["Succeeded"]},"metadata":{"operationMetadataId":"531832d1-bd37-418d-992c-88772e7298ee"},"type":"InitializeVariable","inputs":{"variables":[{"name":"Viticultura","type":"string","value":"@if(\r\n        empty(body('Get_response_details')?['rbcd839186d864f7ea393ff95a62d049a']),\r\n        '0',\r\n        body('Get_response_details')?['rbcd839186d864f7ea393ff95a62d049a']\r\n    )\r\n"}]}},"Carozo":{"runAfter":{"Viticultura":["Succeeded"]},"metadata":{"operationMetadataId":"98632b41-913c-4bf8-a472-0be760ee1987"},"type":"InitializeVariable","inputs":{"variables":[{"name":"Carozo","type":"string","value":"@if(\r\n        empty(body('Get_response_details')?['rddec0e98565643da99f01e67d6da3e61']),\r\n        '0',\r\n        body('Get_response_details')?['rddec0e98565643da99f01e67d6da3e61']\r\n    )\r\n"}]}},"Pepita":{"runAfter":{"Carozo":["Succeeded"]},"metadata":{"operationMetadataId":"1ca07663-f18f-43ec-9188-839b4c72f32c"},"type":"InitializeVariable","inputs":{"variables":[{"name":"Pepita","type":"string","value":"@if(\r\n        empty(body('Get_response_details')?['rf0be8fd98aec41cfbf83c0d24dbf4db0']),\r\n        '0',\r\n        body('Get_response_details')?['rf0be8fd98aec41cfbf83c0d24dbf4db0']\r\n    )\r\n"}]}},"Olivicultura":{"runAfter":{"Pepita":["Succeeded"]},"metadata":{"operationMetadataId":"fbb2712d-e794-4ef1-bc08-f21170081222"},"type":"InitializeVariable","inputs":{"variables":[{"name":"Olivicultura","type":"string","value":"@if(\r\n        empty(body('Get_response_details')?['r2fcac36d2a8c40ec885e1f69fc2fd9bb']),\r\n        '0',\r\n        body('Get_response_details')?['r2fcac36d2a8c40ec885e1f69fc2fd9bb']\r\n    )\r\n"}]}},"Nogalicultura":{"runAfter":{"Olivicultura":["Succeeded"]},"metadata":{"operationMetadataId":"65515b71-1411-4a22-b813-002fd65c744f"},"type":"InitializeVariable","inputs":{"variables":[{"name":"Nogalicultura","type":"string","value":"@if(\r\n        empty(body('Get_response_details')?['rf1dd3870d0b640fe9d7d9a40f7401704']),\r\n        '0',\r\n        body('Get_response_details')?['rf1dd3870d0b640fe9d7d9a40f7401704']\r\n    )\r\n"}]}},"Berries":{"runAfter":{"Nogalicultura":["Succeeded"]},"metadata":{"operationMetadataId":"84ef93b6-4d21-431a-bf83-a94f2adc218c"},"type":"InitializeVariable","inputs":{"variables":[{"name":"Berries","type":"string","value":"@if(\r\n      empty(body('Get_response_details')?['r9035c2162d174a4ca886c93fd11c0f99']),\r\n      '0',\r\n      body('Get_response_details')?['r9035c2162d174a4ca886c93fd11c0f99']\r\n   )\r\n"}]}},"Citricultura":{"runAfter":{"Berries":["Succeeded"]},"metadata":{"operationMetadataId":"01e346c8-00de-472e-ab45-5890a215ec1a"},"type":"InitializeVariable","inputs":{"variables":[{"name":"Citricultura","type":"string","value":"@if(\r\n        empty(body('Get_response_details')?['rdf790d4fbc824c1b9902550eda719795']),\r\n        '0',\r\n        body('Get_response_details')?['rdf790d4fbc824c1b9902550eda719795']\r\n    )\r\n"}]}},"Otras2":{"runAfter":{"Citricultura":["Succeeded"]},"metadata":{"operationMetadataId":"0e054262-4702-4425-bbed-51cc358b6238"},"type":"InitializeVariable","inputs":{"variables":[{"name":"Otras2","type":"string","value":"@ \r\n    if(\r\n        empty(body('Get_response_details')?['racb1d78985f7456ca965c7d9e151d946']),\r\n        '0',\r\n        body('Get_response_details')?['racb1d78985f7456ca965c7d9e151d946'])"}]}},"Bovinos_De_Carne":{"runAfter":{"Otras2":["Succeeded"]},"metadata":{"operationMetadataId":"31330c50-e316-4811-948b-900d905041a9"},"type":"InitializeVariable","inputs":{"variables":[{"name":"Bovinos_De_Carne","type":"string","value":"@\r\nif(\r\n        empty(body('Get_response_details')?['r01fc1b94bd46443f87afb879006ad20d']),\r\n        '0',\r\n        body('Get_response_details')?['r01fc1b94bd46443f87afb879006ad20d']\r\n    )\r\n"}]}},"Bovinos_De_Leche":{"runAfter":{"Bovinos_De_Carne":["Succeeded"]},"metadata":{"operationMetadataId":"35dcd2f2-09f6-44c1-a59d-225bec10df88"},"type":"InitializeVariable","inputs":{"variables":[{"name":"Bovinos_De_Leche","type":"string","value":"@if(\r\n        empty(body('Get_response_details')?['r9e66c24fdcd24491afeaeafd4ceddcc8']),\r\n        '0',\r\n        body('Get_response_details')?['r9e66c24fdcd24491afeaeafd4ceddcc8']\r\n    )\r\n"}]}},"Ovinos":{"runAfter":{"Bovinos_De_Leche":["Succeeded"]},"metadata":{"operationMetadataId":"9bca21f8-f208-4140-979f-cb7535ff7c52"},"type":"InitializeVariable","inputs":{"variables":[{"name":"Ovinos","type":"string","value":"@if(\r\n        empty(body('Get_response_details')?['r2279327bce2846509eddc35fee89798b']),\r\n        '0',\r\n        body('Get_response_details')?['r2279327bce2846509eddc35fee89798b']\r\n    )\r\n"}]}},"Caprinos":{"runAfter":{"Ovinos":["Succeeded"]},"metadata":{"operationMetadataId":"b84f29c4-681c-444d-8644-73f882ac495a"},"type":"InitializeVariable","inputs":{"variables":[{"name":"Caprinos","type":"string","value":"@if(\r\n        empty(body('Get_response_details')?['r15951f2f2c2848ea8eb025876dd2ac1d']),\r\n        '0',\r\n        body('Get_response_details')?['r15951f2f2c2848ea8eb025876dd2ac1d']\r\n    )\r\n"}]}},"Porcinos":{"runAfter":{"Caprinos":["Succeeded"]},"metadata":{"operationMetadataId":"8561e5bc-22c2-46ea-958b-98abb5aae88a"},"type":"InitializeVariable","inputs":{"variables":[{"name":"Porcinos","type":"string","value":"@if(\r\n        empty(body('Get_response_details')?['r6b9e7d64bb4b46db97737af9685965d3']),\r\n        '0',\r\n        body('Get_response_details')?['r6b9e7d64bb4b46db97737af9685965d3']\r\n    )"}]}},"Cámelidos":{"runAfter":{"Porcinos":["Succeeded"]},"metadata":{"operationMetadataId":"d47615e2-e115-4970-b15e-79234c14d90e"},"type":"InitializeVariable","inputs":{"variables":[{"name":"Cámelidos","type":"string","value":"@if(\r\n        empty(body('Get_response_details')?['rcba9c6dde8c947a2b2eb5233be3e8213']),\r\n        '0',\r\n        body('Get_response_details')?['rcba9c6dde8c947a2b2eb5233be3e8213']\r\n    )"}]}},"Equinos":{"runAfter":{"Cámelidos":["Succeeded"]},"metadata":{"operationMetadataId":"f2c5a1a2-552b-4599-9b6a-cb9f90705940"},"type":"InitializeVariable","inputs":{"variables":[{"name":"Equinos","type":"string","value":"@if(\r\n        empty(body('Get_response_details')?['rdef6bdfb34e44463bb93b96ff1b78208']),\r\n        '0',\r\n        body('Get_response_details')?['rdef6bdfb34e44463bb93b96ff1b78208']\r\n    )"}]}},"Avicultura":{"runAfter":{"Equinos":["Succeeded"]},"metadata":{"operationMetadataId":"c3330fdf-15be-45e0-b712-5bceafcc6ef5"},"type":"InitializeVariable","inputs":{"variables":[{"name":"Avicultura","type":"string","value":"@if(\r\n        empty(body('Get_response_details')?['rd42ea1836f074219b7a5b0a62154d661']),\r\n        '0',\r\n        body('Get_response_details')?['rd42ea1836f074219b7a5b0a62154d661']\r\n    )"}]}},"Cunicultura":{"runAfter":{"Avicultura":["Succeeded"]},"metadata":{"operationMetadataId":"ea221592-4d09-4232-96f5-80cbe858be7d"},"type":"InitializeVariable","inputs":{"variables":[{"name":"Cunicultura","type":"string","value":"@if(\r\n        empty(body('Get_response_details')?['r7a3ac7f34f244ed287e85ea0a2bbe1d7']),\r\n        '0',\r\n        body('Get_response_details')?['r7a3ac7f34f244ed287e85ea0a2bbe1d7']\r\n    )"}]}},"Pisicultura":{"runAfter":{"Cunicultura":["Succeeded"]},"metadata":{"operationMetadataId":"49099f84-7f2c-4ad6-82ef-5e7173b82173"},"type":"InitializeVariable","inputs":{"variables":[{"name":"Pisicultura","type":"string","value":"@if(\r\n        empty(body('Get_response_details')?['rad78af2961a24191a1cc60ed4a5493b4']),\r\n        '0',\r\n        body('Get_response_details')?['rad78af2961a24191a1cc60ed4a5493b4']\r\n    )"}]}},"Otras3":{"runAfter":{"Pisicultura":["Succeeded"]},"metadata":{"operationMetadataId":"1ae2bbb9-d83a-4500-9aef-0d86021a0395"},"type":"InitializeVariable","inputs":{"variables":[{"name":"Otras3","type":"string","value":"@if(\r\n        empty(body('Get_response_details')?['r51cd010379594b48b404068284928afd']),\r\n        '0',\r\n        body('Get_response_details')?['r51cd010379594b48b404068284928afd']\r\n    )\r\n"}]}},"Polinizacion":{"runAfter":{"Otras4":["Succeeded"]},"type":"InitializeVariable","inputs":{"variables":[{"name":"Polinizacion","type":"string","value":"@outputs('Get_response_details')?['body/r29cac9c5f6a44ee3be21c791101e6178']"}]}},"Indice_de_Capacidad_de_Gestión_Económica":{"runAfter":{"Indice_Integracion_Articulacion":["Succeeded"]},"type":"InitializeVariable","inputs":{"variables":[{"name":"Indice de Capacidad de Gestión Económica","type":"float","value":"@mul(div(float(variables('Total_Dimension_De_Capacidad_De_Gestion')), 0.30), 100)"}]}}},"outputs":{}},"connectionReferences":{"shared_microsoftforms-1":{"connectionName":"shared-microsoftform-12a7176e-27e8-4108-a39b-b52659af7d7c","source":"Embedded","id":"/providers/Microsoft.PowerApps/apis/shared_microsoftforms","tier":"NotSpecified"},"shared_excelonlinebusiness":{"connectionName":"shared-excelonlinebu-e7874d91-56f2-4f83-a4c9-068a90635bd5","source":"Embedded","id":"/providers/Microsoft.PowerApps/apis/shared_excelonlinebusiness","tier":"NotSpecified"},"shared_excelonlinebusiness-2":{"connectionName":"shared-excelonlinebu-4aed8d9d-bfb2-4f74-a3a5-e88c44322ed4","source":"Embedded","id":"/providers/Microsoft.PowerApps/apis/shared_excelonlinebusiness","tier":"NotSpecified"}},"flowFailureAlertSubscribed":false,"isManaged":false}}