{
    "schema": "1.0",
    "details": {
        "displayName": "ETL de Metas Presupuestarias",
        "description": "Este flujo de Power Automate realiza un ETL (Extracci\u00f3n, Transformaci\u00f3n y Carga) para metas presupuestarias. Incluye integraci\u00f3n con Microsoft Forms y Excel Online para automatizar procesos de datos.",
        "createdTime": "2024-12-23T17:42:12.2867378Z",
        "packageTelemetryId": "e1a974ff-d459-4af8-b7c4-99b90a4a3a72",
        "creator": "Generado por gonzalez.mateo@inta.gob.ar",
        "sourceEnvironment": "Mi Onedrive"
    },
    "resources": {
        "295a348b-861d-4839-9166-9027a5005d90": {
            "type": "Microsoft.Flow/flows",
            "suggestedCreationType": "Update",
            "creationType": "Existing, New, Update",
            "details": {
                "displayName": "ETL de Metas Presupuestarias"
            },
            "configurableBy": "User",
            "hierarchy": "Root",
            "dependsOn": [
                "fcc0bf69-e00f-4613-9b7d-331be020a2c4",
                "5ac41755-7295-4bb8-8585-602067501611",
                "f7088647-622a-4e98-af3b-45911e7ffb9c",
                "15178021-3c93-4f03-88b4-02f13f9ec161"
            ]
        },
        "fcc0bf69-e00f-4613-9b7d-331be020a2c4": {
            "id": "/providers/Microsoft.PowerApps/apis/shared_microsoftforms",
            "name": "shared_microsoftforms",
            "type": "Microsoft.PowerApps/apis",
            "suggestedCreationType": "Existing",
            "details": {
                "displayName": "Microsoft Forms",
                "iconUri": "https://connectoricons-prod.azureedge.net/releases/v1.0.1686/1.0.1686.3695/microsoftforms/icon.png"
            },
            "configurableBy": "System",
            "hierarchy": "Child",
            "dependsOn": []
        },
        "5ac41755-7295-4bb8-8585-602067501611": {
            "type": "Microsoft.PowerApps/apis/connections",
            "suggestedCreationType": "Existing",
            "creationType": "Existing",
            "details": {
                "displayName": "gonzalez.mateo@inta.gob.ar",
                "iconUri": "https://connectoricons-prod.azureedge.net/releases/v1.0.1686/1.0.1686.3695/microsoftforms/icon.png"
            },
            "configurableBy": "User",
            "hierarchy": "Child",
            "dependsOn": [
                "fcc0bf69-e00f-4613-9b7d-331be020a2c4"
            ]
        },
        "f7088647-622a-4e98-af3b-45911e7ffb9c": {
            "id": "/providers/Microsoft.PowerApps/apis/shared_excelonlinebusiness",
            "name": "shared_excelonlinebusiness",
            "type": "Microsoft.PowerApps/apis",
            "suggestedCreationType": "Existing",
            "details": {
                "displayName": "Excel Online (Empresas)",
                "iconUri": "https://connectoricons-prod.azureedge.net/releases/v1.0.1718/1.0.1718.3946/excelonlinebusiness/icon.png"
            },
            "configurableBy": "System",
            "hierarchy": "Child",
            "dependsOn": []
        },
        "15178021-3c93-4f03-88b4-02f13f9ec161": {
            "type": "Microsoft.PowerApps/apis/connections",
            "suggestedCreationType": "Existing",
            "creationType": "Existing",
            "details": {
                "displayName": "gonzalez.mateo@inta.gob.ar",
                "iconUri": "https://connectoricons-prod.azureedge.net/releases/v1.0.1718/1.0.1718.3946/excelonlinebusiness/icon.png"
            },
            "configurableBy": "User",
            "hierarchy": "Child",
            "dependsOn": [
                "f7088647-622a-4e98-af3b-45911e7ffb9c"
            ]
        }
    }
}