{"name":"af338ff2-c2d9-450a-982f-f54c7c4cd3f2","id":"/providers/Microsoft.Flow/flows/af338ff2-c2d9-450a-982f-f54c7c4cd3f2","type":"Microsoft.Flow/flows","properties":{"apiId":"/providers/Microsoft.PowerApps/apis/shared_logicflows","displayName":"ETL de Metas Presupuestarias","definition":{"metadata":{"workflowEntityId":null,"processAdvisorMetadata":null,"flowChargedByPaygo":null,"flowclientsuspensionreason":"None","flowclientsuspensiontime":null,"flowclientsuspensionreasondetails":null,"creator":{"id":"6f2f9a66-673f-4897-be19-7e592dd745f5","type":"User","tenantId":"1910c163-64ae-4fa0-bcd2-0c18b73d2fba"},"provisioningMethod":"FromDefinition","failureAlertSubscription":true,"clientLastModifiedTime":"2024-12-23T17:30:06.2012516Z","connectionKeySavedTimeKey":"2024-12-23T17:30:06.2012516Z"},"$schema":"https://schema.management.azure.com/providers/Microsoft.Logic/schemas/2016-06-01/workflowdefinition.json#","contentVersion":"1.0.0.0","parameters":{"$authentication":{"defaultValue":{},"type":"SecureObject"},"$connections":{"defaultValue":{},"type":"Object"}},"triggers":{"When_a_new_response_is_submitted":{"splitOn":"@triggerOutputs()?['body/value']","type":"OpenApiConnectionWebhook","inputs":{"parameters":{"form_id":"Y8EQGa5koE-80gwYtz0vumaaL28_Z5dIvhl-WS3XRfVUNk9KNEwxWFFOMjVXWjM5TkcyQU5UVENaTi4u"},"host":{"apiId":"/providers/Microsoft.PowerApps/apis/shared_microsoftforms","connectionName":"shared_microsoftforms","operationId":"CreateFormWebhook"},"authentication":"@parameters('$authentication')"}}},"actions":{"Estación_Experimental":{"runAfter":{"Get_response_details":["Succeeded"]},"type":"InitializeVariable","inputs":{"variables":[{"name":"Concatenación_EEA","type":"string","value":"@concat(\r\n\toutputs('Get_response_details')?['body/r59e79fe234804915af1c840f8eeace4b'],\r\n\toutputs('Get_response_details')?['body/r2861dc01726b43168e8ee7148582a228'],\r\n\toutputs('Get_response_details')?['body/rd5474854f6a2453c9d3db731e7a4eea3'],\r\n\toutputs('Get_response_details')?['body/r6c4abdef275c4dcfa9ef7fe9e9a5d0df'],\r\n\toutputs('Get_response_details')?['body/r5c2940e8ec654224afd951c781a0535d'],\r\n\toutputs('Get_response_details')?['body/rda670896d2d94e26ba678b357fb54c34']\r\n)"}]}},"Agencia_de_Extensión":{"runAfter":{"Estación_Experimental":["Succeeded"]},"type":"InitializeVariable","inputs":{"variables":[{"name":"Concatenación_AER","type":"string","value":"@concat(\r\n\toutputs('Get_response_details')?['body/r476439c87a474fc9af63e318de3aa069'],\r\n\toutputs('Get_response_details')?['body/r59a3f8ca587743fc912cf29018dbb991'],\r\n\toutputs('Get_response_details')?['body/rb15b9040cdd6461e8fa09b1cc07af82e'],\r\n\toutputs('Get_response_details')?['body/rbb8822b2aa11485493e95d83e5500a74'],\r\n\toutputs('Get_response_details')?['body/r1942f7797fab4e7f9058ab703ac414ab'],\r\n\toutputs('Get_response_details')?['body/re67ced830b3a43cbb442f6f1d5ed625f'],\r\n\toutputs('Get_response_details')?['body/ra74ce5a6875547ae8d823a255b1c7c3e'],\r\n\toutputs('Get_response_details')?['body/ra686d9e30f2c41bbbccbe679c325708a'],\r\n\toutputs('Get_response_details')?['body/rbf7795a6cb964d93aa84c9dbd6b68758'],\r\n\toutputs('Get_response_details')?['body/r7638e48c14e84b73adc8d70cfb6f0389'],\r\n\toutputs('Get_response_details')?['body/rbc37eac442a344baa1247fc2c8f28dba'],\r\n\toutputs('Get_response_details')?['body/r782fa68dd78b47d7af41e350c7351184'],\r\n\toutputs('Get_response_details')?['body/r82020f12bed045dc92037edae236d2c7'],\r\n\toutputs('Get_response_details')?['body/r2243d2eb4adb49738830e12d105e3ba1'],\r\n\toutputs('Get_response_details')?['body/rb020e6beda3046aa956692640a1b2a30'],\r\n\toutputs('Get_response_details')?['body/r139a2b4fc5c04c9881fb099ddda26a74'],\r\n\toutputs('Get_response_details')?['body/r23c2b3ec06364e1ba2f71c09c7fde516'],\r\n\toutputs('Get_response_details')?['body/rabc976ce3adc4d76bc7f76219060930e'],\r\n\toutputs('Get_response_details')?['body/rf34ef2c03ecf4403a157de6b1957d92b'],\r\n\toutputs('Get_response_details')?['body/re2614e0d0f33466bbda2f344fdc8663a'],\r\n\toutputs('Get_response_details')?['body/r876f039c53074b03b116739c76e7b54b'],\r\n\toutputs('Get_response_details')?['body/r8a705ea5b9eb423fafaf28182c5606e3'],\r\n\toutputs('Get_response_details')?['body/r600aeadd355745abb5c3130816aee064'],\r\n\toutputs('Get_response_details')?['body/r13e367f4d4a24d0dbb00b7c2af0e7e8a'],\r\n\toutputs('Get_response_details')?['body/r2fe86fadd61f44938fac44fa5bf388ac'],\r\n\toutputs('Get_response_details')?['body/rd530d0639b98453caaee3d3ff9be2d4c'],\r\n\toutputs('Get_response_details')?['body/r6e47834a6d4547ddb7823ea2494b8ac1'],\r\n\toutputs('Get_response_details')?['body/r930d56cb46644878bc55574ba6768d14'],\r\n\toutputs('Get_response_details')?['body/r9c199b264f2b45c58ee4ffce5abdc67a'],\r\n\toutputs('Get_response_details')?['body/r692730125a8a463c823f6b727c50db8f'],\r\n\toutputs('Get_response_details')?['body/re95cc788db1241cba8925ff13b27dbb4'],\r\n\toutputs('Get_response_details')?['body/r91f714e0cabb4c05a703b1011efddf71'],\r\n\toutputs('Get_response_details')?['body/r680fd9290ea245cc92ef7368f08a7dab'],\r\n\toutputs('Get_response_details')?['body/r2428ef11b71c409a906ad4e87391da8b'],\r\n\toutputs('Get_response_details')?['body/re6a2939b3b8949c794d6aa4943bd8601'],\r\n\toutputs('Get_response_details')?['body/r04d832a4eb0e4975ae33aead2f32f935'],\r\n\toutputs('Get_response_details')?['body/r8f125faad6074ef1b21d17f203386762'],\r\n\toutputs('Get_response_details')?['body/r696d64abf26c477689c2ff53221d2d26'],\r\n\toutputs('Get_response_details')?['body/rda44f9030531456f850c4c45f6868fc0'],\r\n\toutputs('Get_response_details')?['body/rf477e89b2cc44b8f8b3568ea98b6746a'],\r\n\toutputs('Get_response_details')?['body/r6e4767f9965e49fabbb9a17a5e3f76a5'],\r\n\toutputs('Get_response_details')?['body/re4f15beb2db84378a18247a7939282c4'],\r\n\toutputs('Get_response_details')?['body/rdaf80e41223849bb874b4f9d5078698e'],\r\n\toutputs('Get_response_details')?['body/r778e5db551c7496da7988337645c3abe'],\r\n\toutputs('Get_response_details')?['body/r0e53803df80d456d8f92c87e3ccaeb30'],\r\n\toutputs('Get_response_details')?['body/rfdbd3305b5f344e79cac2a68a245fffa'],\r\n\toutputs('Get_response_details')?['body/r38c66b07660c46a299d09161a1646492'],\r\n\toutputs('Get_response_details')?['body/re61022b2875f4eedab48954b05252dcb'],\r\n\toutputs('Get_response_details')?['body/rd7ad58650ca048f5a24192599c40f36d'],\r\n\toutputs('Get_response_details')?['body/r883021c322a044a1b731ac7c11df307d'],\r\n\toutputs('Get_response_details')?['body/rfc6ccdfe51d74ca89a8f12f86506a36a']\r\n)"}]}},"Condition":{"actions":{"Se_agrega_una_fila_a_la_tabla_de_Vista_por_Agencia":{"runAfter":{"Desproteger_la_hoja_\"Vista_por_Agencia\"":["Succeeded"]},"metadata":{"01XCTERBASGBDHYXBSY5AYJYLPPHGSSJML":"/Metas_Presupuestarias_Economía/Datos_Procesados_Y_Divididos_Por_Vista.xlsx","tableId":"{BD20C553-B84D-4406-8F30-7AF12FC2CA26}"},"type":"OpenApiConnection","inputs":{"parameters":{"source":"me","drive":"b!4GZqnOJDW0e3j2DhdrZGAksbY01yQfJFjNjaqSjNFQmIVbM3GAGxQ5WzLiPwOLdK","file":"/Metas_Presupuestarias_Economía/Datos_Procesados_Y_Divididos_Por_Vista.xlsm","table":"{BD20C553-B84D-4406-8F30-7AF12FC2CA26}","item/ID":"@triggerOutputs()?['body/resourceData/responseId']","item/CENTRO REGIONAL":"@outputs('Get_response_details')?['body/r2fd5961ce8714abab626c91937b81a70']","item/ESTACIÓN EXPERIMENTAL":"@variables('Concatenación_EEA')","item/AGENCIA DE EXTENSIÓN RURAL":"@variables('Concatenación_AER')","item/CANTIDAD DE ASISTENCIAS TÉCNICAS BRINDADAS":"@outputs('Get_response_details')?['body/r4d9f5149f36b402f8e9f72e5d457f3d6']","item/CANTIDAD DE PERSONAS CAPACITADAS":"@outputs('Get_response_details')?['body/rd697df09e9534406b09fd88911cec02a']","item/CANTIDAD DE PROYECTOS EN EJECUCIÓN":"@outputs('Get_response_details')?['body/re8ffd367603d433ab02b1b7dfdf33ee2']","item/CANTIDAD DE PROYECTOS EJECUTADOS":"@outputs('Get_response_details')?['body/r7b2fcc70d5914db88adecc7ed16aa42a']"},"host":{"apiId":"/providers/Microsoft.PowerApps/apis/shared_excelonlinebusiness","connectionName":"shared_excelonlinebusiness","operationId":"AddRowV2"},"authentication":"@parameters('$authentication')"}},"Desproteger_la_hoja_\"Vista_por_Agencia\"":{"metadata":{"01XCTERBGUX2DAFNGHANCZL274NGAFXMFG":"/Metas_Presupuestarias_Economía/Datos_Procesados_Y_Divididos_Por_Vista.xlsm","tableId":null},"type":"OpenApiConnection","inputs":{"parameters":{"source":"me","drive":"b!4GZqnOJDW0e3j2DhdrZGAksbY01yQfJFjNjaqSjNFQmIVbM3GAGxQ5WzLiPwOLdK","file":"01XCTERBGUX2DAFNGHANCZL274NGAFXMFG","scriptId":"ms-officescript%3A%2F%2Fonedrive_business_itemlink%2F01XCTERBBWNQNPLMIIBFAIDKTSWZ3C752B"},"host":{"apiId":"/providers/Microsoft.PowerApps/apis/shared_excelonlinebusiness","connectionName":"shared_excelonlinebusiness","operationId":"RunScriptProd"},"authentication":"@parameters('$authentication')"}},"Proteger_la_hoja_\"Vista_por_Agencia\"":{"runAfter":{"Se_agrega_una_fila_a_la_tabla_de_Vista_por_Agencia":["Succeeded"]},"metadata":{"01XCTERBGUX2DAFNGHANCZL274NGAFXMFG":"/Metas_Presupuestarias_Economía/Datos_Procesados_Y_Divididos_Por_Vista.xlsm","tableId":null},"type":"OpenApiConnection","inputs":{"parameters":{"source":"me","drive":"b!4GZqnOJDW0e3j2DhdrZGAksbY01yQfJFjNjaqSjNFQmIVbM3GAGxQ5WzLiPwOLdK","file":"01XCTERBGUX2DAFNGHANCZL274NGAFXMFG","scriptId":"ms-officescript%3A%2F%2Fonedrive_business_itemlink%2F01XCTERBCBKTQDATKW7VFLILXJDVG4QDZC"},"host":{"apiId":"/providers/Microsoft.PowerApps/apis/shared_excelonlinebusiness","connectionName":"shared_excelonlinebusiness","operationId":"RunScriptProd"},"authentication":"@parameters('$authentication')"}}},"runAfter":{"Agencia_de_Extensión":["Succeeded"]},"else":{"actions":{"Se_agrega_una_fila_a_la_vista_por_Experimental":{"runAfter":{"Desproteger_la_hoja_\"Vista_por_Experimental\"":["Succeeded"]},"metadata":{"01XCTERBASGBDHYXBSY5AYJYLPPHGSSJML":"/Metas_Presupuestarias_Economía/Datos_Procesados_Y_Divididos_Por_Vista.xlsx","tableId":"{83D9CCF2-EC6E-4042-8CCE-8F82B9D702AE}"},"type":"OpenApiConnection","inputs":{"parameters":{"source":"me","drive":"b!4GZqnOJDW0e3j2DhdrZGAksbY01yQfJFjNjaqSjNFQmIVbM3GAGxQ5WzLiPwOLdK","file":"/Metas_Presupuestarias_Economía/Datos_Procesados_Y_Divididos_Por_Vista.xlsm","table":"{83D9CCF2-EC6E-4042-8CCE-8F82B9D702AE}","item/ID":"@triggerOutputs()?['body/resourceData/responseId']","item/CENTRO REGIONAL":"@outputs('Get_response_details')?['body/r2fd5961ce8714abab626c91937b81a70']","item/ESTACIÓN EXPERIMENTAL":"@variables('Concatenación_EEA')","item/CANTIDAD DE ASISTENCIAS TÉCNICAS BRINDADAS":"@outputs('Get_response_details')?['body/r4d9f5149f36b402f8e9f72e5d457f3d6']","item/CANTIDAD DE PERSONAS CAPACITADAS":"@outputs('Get_response_details')?['body/rd697df09e9534406b09fd88911cec02a']","item/CANTIDAD DE PROYECTOS EN EJECUCIÓN":"@outputs('Get_response_details')?['body/re8ffd367603d433ab02b1b7dfdf33ee2']","item/CANTIDAD DE PROYECTOS EJECUTADOS":"@outputs('Get_response_details')?['body/r7b2fcc70d5914db88adecc7ed16aa42a']"},"host":{"apiId":"/providers/Microsoft.PowerApps/apis/shared_excelonlinebusiness","connectionName":"shared_excelonlinebusiness","operationId":"AddRowV2"},"authentication":"@parameters('$authentication')"}},"Desproteger_la_hoja_\"Vista_por_Experimental\"":{"metadata":{"01XCTERBGUX2DAFNGHANCZL274NGAFXMFG":"/Metas_Presupuestarias_Economía/Datos_Procesados_Y_Divididos_Por_Vista.xlsm","tableId":null},"type":"OpenApiConnection","inputs":{"parameters":{"source":"me","drive":"b!4GZqnOJDW0e3j2DhdrZGAksbY01yQfJFjNjaqSjNFQmIVbM3GAGxQ5WzLiPwOLdK","file":"01XCTERBGUX2DAFNGHANCZL274NGAFXMFG","scriptId":"ms-officescript%3A%2F%2Fonedrive_business_itemlink%2F01XCTERBE3OGOPWP5I5ZGJBBGIWFZC374H"},"host":{"apiId":"/providers/Microsoft.PowerApps/apis/shared_excelonlinebusiness","connectionName":"shared_excelonlinebusiness","operationId":"RunScriptProd"},"authentication":"@parameters('$authentication')"}},"Proteger_la_hoja_\"Vista_por_Experimental\"":{"runAfter":{"Se_agrega_una_fila_a_la_vista_por_Experimental":["Succeeded"]},"metadata":{"01XCTERBGUX2DAFNGHANCZL274NGAFXMFG":"/Metas_Presupuestarias_Economía/Datos_Procesados_Y_Divididos_Por_Vista.xlsm","tableId":null},"type":"OpenApiConnection","inputs":{"parameters":{"source":"me","drive":"b!4GZqnOJDW0e3j2DhdrZGAksbY01yQfJFjNjaqSjNFQmIVbM3GAGxQ5WzLiPwOLdK","file":"01XCTERBGUX2DAFNGHANCZL274NGAFXMFG","scriptId":"ms-officescript%3A%2F%2Fonedrive_business_itemlink%2F01XCTERBE74RO7MGWKPJFLIUHXHNJ4H2IB"},"host":{"apiId":"/providers/Microsoft.PowerApps/apis/shared_excelonlinebusiness","connectionName":"shared_excelonlinebusiness","operationId":"RunScriptProd"},"authentication":"@parameters('$authentication')"}}}},"expression":{"and":[{"not":{"equals":["@variables('Concatenación_AER')","''\n"]}}]},"type":"If"},"Se_agrega_una_fila_a_la_tabla_de_vista_por_Centro_Regional":{"runAfter":{"Agencia_de_Extensión":["Succeeded"]},"metadata":{"01XCTERBAJXTXORS3QDVBIDMMHGW764PDU":"/Metas_Presupuestarias_Economía/Nivel de Centro Regional.xlsx","tableId":"{0D7216AA-044D-4EB5-9A09-EE362EAB21BC}"},"type":"OpenApiConnection","inputs":{"parameters":{"source":"me","drive":"b!4GZqnOJDW0e3j2DhdrZGAksbY01yQfJFjNjaqSjNFQmIVbM3GAGxQ5WzLiPwOLdK","file":"01XCTERBAJXTXORS3QDVBIDMMHGW764PDU","table":"{0D7216AA-044D-4EB5-9A09-EE362EAB21BC}","item/ID":"@triggerOutputs()?['body/resourceData/responseId']","item/CENTRO REGIONAL":"@outputs('Get_response_details')?['body/r2fd5961ce8714abab626c91937b81a70']","item/ESTACIÓN EXPERIMENTAL":"@variables('Concatenación_EEA')","item/AGENCIA DE EXTENSIÓN RURAL":"@variables('Concatenación_AER')","item/CANTIDAD DE ASISTENCIAS TÉCNICAS BRINDADAS":"@outputs('Get_response_details')?['body/r4d9f5149f36b402f8e9f72e5d457f3d6']","item/CANTIDAD DE PERSONAS CAPACITADAS":"@outputs('Get_response_details')?['body/rd697df09e9534406b09fd88911cec02a']","item/CANTIDAD DE PROYECTOS EN EJECUCIÓN":"@outputs('Get_response_details')?['body/re8ffd367603d433ab02b1b7dfdf33ee2']","item/CANTIDAD DE PROYECTOS EJECUTADOS":"@outputs('Get_response_details')?['body/r7b2fcc70d5914db88adecc7ed16aa42a']"},"host":{"apiId":"/providers/Microsoft.PowerApps/apis/shared_excelonlinebusiness","connectionName":"shared_excelonlinebusiness","operationId":"AddRowV2"},"authentication":"@parameters('$authentication')"}},"Get_response_details":{"runAfter":{},"type":"OpenApiConnection","inputs":{"parameters":{"form_id":"Y8EQGa5koE-80gwYtz0vumaaL28_Z5dIvhl-WS3XRfVUNk9KNEwxWFFOMjVXWjM5TkcyQU5UVENaTi4u","response_id":"@triggerOutputs()?['body/resourceData/responseId']"},"host":{"apiId":"/providers/Microsoft.PowerApps/apis/shared_microsoftforms","connectionName":"shared_microsoftforms","operationId":"GetFormResponseById"},"authentication":"@parameters('$authentication')"}}},"outputs":{}},"connectionReferences":{"shared_microsoftforms":{"connectionName":"shared-microsoftform-12a7176e-27e8-4108-a39b-b52659af7d7c","source":"Embedded","id":"/providers/Microsoft.PowerApps/apis/shared_microsoftforms","tier":"NotSpecified"},"shared_excelonlinebusiness":{"connectionName":"shared-excelonlinebu-e7874d91-56f2-4f83-a4c9-068a90635bd5","source":"Embedded","id":"/providers/Microsoft.PowerApps/apis/shared_excelonlinebusiness","tier":"NotSpecified"}},"flowFailureAlertSubscribed":false,"isManaged":false}}